userID,FirstName,MiddleName,LastName,FullResidentialAddress,City,Province,PostalCode,LastDonationDate,LastDonationReceiptableAmount
M0001,Alex001,,Taylor001,101 Legacy Avenue,Esquimalt,BC,V8V1B3,2025-02-15,35.00
M0002,Alex002,,Taylor002,102 Legacy Avenue,Saanich,BC,V8V2C6,2025-03-15,45.00
M0003,Alex003,,Taylor003,103 Legacy Avenue,Langford,BC,V8V3D9,2025-04-15,55.00
M0004,Alex004,,Taylor004,104 Legacy Avenue,Victoria,BC,V8V4E2,2025-05-15,65.00
M0005,Alex005,,Taylor005,105 Legacy Avenue,Esquimalt,BC,V8V5F5,2025-06-15,75.00
M0006,Alex006,,Taylor006,106 Legacy Avenue,Saanich,BC,V8V6G8,2025-07-15,85.00
M0007,Alex007,,Taylor007,107 Legacy Avenue,Langford,BC,V8V7H1,2025-08-15,25.00
M0008,Alex008,,Taylor008,108 Legacy Avenue,Victoria,BC,V8V8I4,2025-09-15,35.00
M0009,Alex009,,Taylor009,109 Legacy Avenue,Esquimalt,BC,V8V9J7,2025-10-15,45.00
M0010,Alex010,,Taylor010,110 Legacy Avenue,Saanich,BC,V8V0K0,2025-11-15,55.00
M0011,Alex011,,Taylor011,111 Legacy Avenue,Langford,BC,V8V1L3,2025-12-15,65.00
M0012,Alex012,,Taylor012,112 Legacy Avenue,Victoria,BC,V8V2M6,2025-01-15,75.00
M0013,Alex013,,Taylor013,113 Legacy Avenue,Esquimalt,BC,V8V3N9,2025-02-15,85.00
M0014,Alex014,,Taylor014,114 Legacy Avenue,Saanich,BC,V8V4O2,2025-03-15,25.00
M0015,Alex015,,Taylor015,115 Legacy Avenue,Langford,BC,V8V5P5,2025-04-15,35.00
M0016,Alex016,,Taylor016,116 Legacy Avenue,Victoria,BC,V8V6Q8,2025-05-15,45.00
M0017,Alex017,,Taylor017,117 Legacy Avenue,Esquimalt,BC,V8V7R1,2025-06-15,55.00
M0018,Alex018,,Taylor018,118 Legacy Avenue,Saanich,BC,V8V8S4,2025-07-15,65.00
M0019,Alex019,,Taylor019,119 Legacy Avenue,Langford,BC,V8V9T7,2025-08-15,75.00
M0020,Alex020,,Taylor020,120 Legacy Avenue,Victoria,BC,V8V0U0,2025-09-15,85.00
M0021,Alex021,,Taylor021,121 Legacy Avenue,Esquimalt,BC,V8V1V3,2025-10-15,25.00
M0022,Alex022,,Taylor022,122 Legacy Avenue,Saanich,BC,V8V2W6,2025-11-15,35.00
M0023,Alex023,,Taylor023,123 Legacy Avenue,Langford,BC,V8V3X9,2025-12-15,45.00
M0024,Alex024,,Taylor024,124 Legacy Avenue,Victoria,BC,V8V4Y2,2025-01-15,55.00
M0025,Alex025,,Taylor025,125 Legacy Avenue,Esquimalt,BC,V8V5Z5,2025-02-15,65.00
M0026,Alex026,,Taylor026,126 Legacy Avenue,Saanich,BC,V8V6A8,2025-03-15,75.00
M0027,Alex027,,Taylor027,127 Legacy Avenue,Langford,BC,V8V7B1,2025-04-15,85.00
M0028,Alex028,,Taylor028,128 Legacy Avenue,Victoria,BC,V8V8C4,2025-05-15,25.00
M0029,Alex029,,Taylor029,129 Legacy Avenue,Esquimalt,BC,V8V9D7,2025-06-15,35.00
M0030,Alex030,,Taylor030,130 Legacy Avenue,Saanich,BC,V8V0E0,2025-07-15,45.00
M0031,Alex031,,Taylor031,131 Legacy Avenue,Langford,BC,V8V1F3,2025-08-15,55.00
M0032,Alex032,,Taylor032,132 Legacy Avenue,Victoria,BC,V8V2G6,2025-09-15,65.00
M0033,Alex033,,Taylor033,133 Legacy Avenue,Esquimalt,BC,V8V3H9,2025-10-15,75.00
M0034,Alex034,,Taylor034,134 Legacy Avenue,Saanich,BC,V8V4I2,2025-11-15,85.00
M0035,Alex035,,Taylor035,135 Legacy Avenue,Langford,BC,V8V5J5,2025-12-15,25.00
M0036,Alex036,,Taylor036,136 Legacy Avenue,Victoria,BC,V8V6K8,2025-01-15,35.00
M0037,Alex037,,Taylor037,137 Legacy Avenue,Esquimalt,BC,V8V7L1,2025-02-15,45.00
M0038,Alex038,,Taylor038,138 Legacy Avenue,Saanich,BC,V8V8M4,2025-03-15,55.00
M0039,Alex039,,Taylor039,139 Legacy Avenue,Langford,BC,V8V9N7,2025-04-15,65.00
M0040,Alex040,,Taylor040,140 Legacy Avenue,Victoria,BC,V8V0O0,2025-05-15,75.00
M0041,Alex041,,Taylor041,141 Legacy Avenue,Esquimalt,BC,V8V1P3,2025-06-15,85.00
M0042,Alex042,,Taylor042,142 Legacy Avenue,Saanich,BC,V8V2Q6,2025-07-15,25.00
M0043,Alex043,,Taylor043,143 Legacy Avenue,Langford,BC,V8V3R9,2025-08-15,35.00
M0044,Alex044,,Taylor044,144 Legacy Avenue,Victoria,BC,V8V4S2,2025-09-15,45.00
M0045,Alex045,,Taylor045,145 Legacy Avenue,Esquimalt,BC,V8V5T5,2025-10-15,55.00
M0046,Alex046,,Taylor046,146 Legacy Avenue,Saanich,BC,V8V6U8,2025-11-15,65.00
M0047,Alex047,,Taylor047,147 Legacy Avenue,Langford,BC,V8V7V1,2025-12-15,75.00
M0048,Alex048,,Taylor048,148 Legacy Avenue,Victoria,BC,V8V8W4,2025-01-15,85.00
M0049,Alex049,,Taylor049,149 Legacy Avenue,Esquimalt,BC,V8V9X7,2025-02-15,25.00
M0050,Alex050,,Taylor050,150 Legacy Avenue,Saanich,BC,V8V0Y0,2025-03-15,35.00
M0051,Alex051,,Taylor051,151 Legacy Avenue,Langford,BC,V8V1Z3,2025-04-15,45.00
M0052,Alex052,,Taylor052,152 Legacy Avenue,Victoria,BC,V8V2A6,2025-05-15,55.00
M0053,Alex053,,Taylor053,153 Legacy Avenue,Esquimalt,BC,V8V3B9,2025-06-15,65.00
M0054,Alex054,,Taylor054,154 Legacy Avenue,Saanich,BC,V8V4C2,2025-07-15,75.00
M0055,Alex055,,Taylor055,155 Legacy Avenue,Langford,BC,V8V5D5,2025-08-15,85.00
M0056,Alex056,,Taylor056,156 Legacy Avenue,Victoria,BC,V8V6E8,2025-09-15,25.00
M0057,Alex057,,Taylor057,157 Legacy Avenue,Esquimalt,BC,V8V7F1,2025-10-15,35.00
M0058,Alex058,,Taylor058,158 Legacy Avenue,Saanich,BC,V8V8G4,2025-11-15,45.00
M0059,Alex059,,Taylor059,159 Legacy Avenue,Langford,BC,V8V9H7,2025-12-15,55.00
M0060,Alex060,,Taylor060,160 Legacy Avenue,Victoria,BC,V8V0I0,2025-01-15,65.00
M0061,Alex061,,Taylor061,161 Legacy Avenue,Esquimalt,BC,V8V1J3,2025-02-15,75.00
M0062,Alex062,,Taylor062,162 Legacy Avenue,Saanich,BC,V8V2K6,2025-03-15,85.00
M0063,Alex063,,Taylor063,163 Legacy Avenue,Langford,BC,V8V3L9,2025-04-15,25.00
M0064,Alex064,,Taylor064,164 Legacy Avenue,Victoria,BC,V8V4M2,2025-05-15,35.00
M0065,Alex065,,Taylor065,165 Legacy Avenue,Esquimalt,BC,V8V5N5,2025-06-15,45.00
M0066,Alex066,,Taylor066,166 Legacy Avenue,Saanich,BC,V8V6O8,2025-07-15,55.00
M0067,Alex067,,Taylor067,167 Legacy Avenue,Langford,BC,V8V7P1,2025-08-15,65.00
M0068,Alex068,,Taylor068,168 Legacy Avenue,Victoria,BC,V8V8Q4,2025-09-15,75.00
M0069,Alex069,,Taylor069,169 Legacy Avenue,Esquimalt,BC,V8V9R7,2025-10-15,85.00
M0070,Alex070,,Taylor070,170 Legacy Avenue,Saanich,BC,V8V0S0,2025-11-15,25.00
M0071,Alex071,,Taylor071,171 Legacy Avenue,Langford,BC,V8V1T3,2025-12-15,35.00
M0072,Alex072,,Taylor072,172 Legacy Avenue,Victoria,BC,V8V2U6,2025-01-15,45.00
M0073,Alex073,,Taylor073,173 Legacy Avenue,Esquimalt,BC,V8V3V9,2025-02-15,55.00
M0074,Alex074,,Taylor074,174 Legacy Avenue,Saanich,BC,V8V4W2,2025-03-15,65.00
M0075,Alex075,,Taylor075,175 Legacy Avenue,Langford,BC,V8V5X5,2025-04-15,75.00
M0076,Alex076,,Taylor076,176 Legacy Avenue,Victoria,BC,V8V6Y8,2025-05-15,85.00
M0077,Alex077,,Taylor077,177 Legacy Avenue,Esquimalt,BC,V8V7Z1,2025-06-15,25.00
M0078,Alex078,,Taylor078,178 Legacy Avenue,Saanich,BC,V8V8A4,2025-07-15,35.00
M0079,Alex079,,Taylor079,179 Legacy Avenue,Langford,BC,V8V9B7,2025-08-15,45.00
M0080,Alex080,,Taylor080,180 Legacy Avenue,Victoria,BC,V8V0C0,2025-09-15,55.00
M0081,Alex081,,Taylor081,181 Legacy Avenue,Esquimalt,BC,V8V1D3,2025-10-15,65.00
M0082,Alex082,,Taylor082,182 Legacy Avenue,Saanich,BC,V8V2E6,2025-11-15,75.00
M0083,Alex083,,Taylor083,183 Legacy Avenue,Langford,BC,V8V3F9,2025-12-15,85.00
M0084,Alex084,,Taylor084,184 Legacy Avenue,Victoria,BC,V8V4G2,2025-01-15,25.00
M0085,Alex085,,Taylor085,185 Legacy Avenue,Esquimalt,BC,V8V5H5,2025-02-15,35.00
M0086,Alex086,,Taylor086,186 Legacy Avenue,Saanich,BC,V8V6I8,2025-03-15,45.00
M0087,Alex087,,Taylor087,187 Legacy Avenue,Langford,BC,V8V7J1,2025-04-15,55.00
M0088,Alex088,,Taylor088,188 Legacy Avenue,Victoria,BC,V8V8K4,2025-05-15,65.00
M0089,Alex089,,Taylor089,189 Legacy Avenue,Esquimalt,BC,V8V9L7,2025-06-15,75.00
M0090,Alex090,,Taylor090,190 Legacy Avenue,Saanich,BC,V8V0M0,2025-07-15,85.00
M0091,Alex091,,Taylor091,191 Legacy Avenue,Langford,BC,V8V1N3,2025-08-15,25.00
M0092,Alex092,,Taylor092,192 Legacy Avenue,Victoria,BC,V8V2O6,2025-09-15,35.00
M0093,Alex093,,Taylor093,193 Legacy Avenue,Esquimalt,BC,V8V3P9,2025-10-15,45.00
M0094,Alex094,,Taylor094,194 Legacy Avenue,Saanich,BC,V8V4Q2,2025-11-15,55.00
M0095,Alex095,,Taylor095,195 Legacy Avenue,Langford,BC,V8V5R5,2025-12-15,65.00
M0096,Alex096,,Taylor096,196 Legacy Avenue,Victoria,BC,V8V6S8,2025-01-15,75.00
M0097,Alex097,,Taylor097,197 Legacy Avenue,Esquimalt,BC,V8V7T1,2025-02-15,85.00
M0098,Alex098,,Taylor098,198 Legacy Avenue,Saanich,BC,V8V8U4,2025-03-15,25.00
M0099,Alex099,,Taylor099,199 Legacy Avenue,Langford,BC,V8V9V7,2025-04-15,35.00
M0100,Alex100,,Taylor100,200 Legacy Avenue,Victoria,BC,V8V0W0,2025-05-15,45.00
M0101,Alex101,,Taylor101,201 Legacy Avenue,Esquimalt,BC,V8V1X3,2025-06-15,55.00
M0102,Alex102,,Taylor102,202 Legacy Avenue,Saanich,BC,V8V2Y6,2025-07-15,65.00
M0103,Alex103,,Taylor103,203 Legacy Avenue,Langford,BC,V8V3Z9,2025-08-15,75.00
M0104,Alex104,,Taylor104,204 Legacy Avenue,Victoria,BC,V8V4A2,2025-09-15,85.00
M0105,Alex105,,Taylor105,205 Legacy Avenue,Esquimalt,BC,V8V5B5,2025-10-15,25.00
M0106,Alex106,,Taylor106,206 Legacy Avenue,Saanich,BC,V8V6C8,2025-11-15,35.00
M0107,Alex107,,Taylor107,207 Legacy Avenue,Langford,BC,V8V7D1,2025-12-15,45.00
M0108,Alex108,,Taylor108,208 Legacy Avenue,Victoria,BC,V8V8E4,2025-01-15,55.00
M0109,Alex109,,Taylor109,209 Legacy Avenue,Esquimalt,BC,V8V9F7,2025-02-15,65.00
M0110,Alex110,,Taylor110,210 Legacy Avenue,Saanich,BC,V8V0G0,2025-03-15,75.00
M0111,Alex111,,Taylor111,211 Legacy Avenue,Langford,BC,V8V1H3,2025-04-15,85.00
M0112,Alex112,,Taylor112,212 Legacy Avenue,Victoria,BC,V8V2I6,2025-05-15,25.00
M0113,Alex113,,Taylor113,213 Legacy Avenue,Esquimalt,BC,V8V3J9,2025-06-15,35.00
M0114,Alex114,,Taylor114,214 Legacy Avenue,Saanich,BC,V8V4K2,2025-07-15,45.00
M0115,Alex115,,Taylor115,215 Legacy Avenue,Langford,BC,V8V5L5,2025-08-15,55.00
M0116,Alex116,,Taylor116,216 Legacy Avenue,Victoria,BC,V8V6M8,2025-09-15,65.00
M0117,Alex117,,Taylor117,217 Legacy Avenue,Esquimalt,BC,V8V7N1,2025-10-15,75.00
M0118,Alex118,,Taylor118,218 Legacy Avenue,Saanich,BC,V8V8O4,2025-11-15,85.00
M0119,Alex119,,Taylor119,219 Legacy Avenue,Langford,BC,V8V9P7,2025-12-15,25.00
M0120,Alex120,,Taylor120,220 Legacy Avenue,Victoria,BC,V8V0Q0,2025-01-15,35.00
M0121,Alex121,,Taylor121,221 Legacy Avenue,Esquimalt,BC,V8V1R3,2025-02-15,45.00
M0122,Alex122,,Taylor122,222 Legacy Avenue,Saanich,BC,V8V2S6,2025-03-15,55.00
M0123,Alex123,,Taylor123,223 Legacy Avenue,Langford,BC,V8V3T9,2025-04-15,65.00
M0124,Alex124,,Taylor124,224 Legacy Avenue,Victoria,BC,V8V4U2,2025-05-15,75.00
M0125,Alex125,,Taylor125,225 Legacy Avenue,Esquimalt,BC,V8V5V5,2025-06-15,85.00
M0126,Alex126,,Taylor126,226 Legacy Avenue,Saanich,BC,V8V6W8,2025-07-15,25.00
M0127,Alex127,,Taylor127,227 Legacy Avenue,Langford,BC,V8V7X1,2025-08-15,35.00
M0128,Alex128,,Taylor128,228 Legacy Avenue,Victoria,BC,V8V8Y4,2025-09-15,45.00
M0129,Alex129,,Taylor129,229 Legacy Avenue,Esquimalt,BC,V8V9Z7,2025-10-15,55.00
M0130,Alex130,,Taylor130,230 Legacy Avenue,Saanich,BC,V8V0A0,2025-11-15,65.00
M0131,Alex131,,Taylor131,231 Legacy Avenue,Langford,BC,V8V1B3,2025-12-15,75.00
M0132,Alex132,,Taylor132,232 Legacy Avenue,Victoria,BC,V8V2C6,2025-01-15,85.00
M0133,Alex133,,Taylor133,233 Legacy Avenue,Esquimalt,BC,V8V3D9,2025-02-15,25.00
M0134,Alex134,,Taylor134,234 Legacy Avenue,Saanich,BC,V8V4E2,2025-03-15,35.00
M0135,Alex135,,Taylor135,235 Legacy Avenue,Langford,BC,V8V5F5,2025-04-15,45.00
M0136,Alex136,,Taylor136,236 Legacy Avenue,Victoria,BC,V8V6G8,2025-05-15,55.00
M0137,Alex137,,Taylor137,237 Legacy Avenue,Esquimalt,BC,V8V7H1,2025-06-15,65.00
M0138,Alex138,,Taylor138,238 Legacy Avenue,Saanich,BC,V8V8I4,2025-07-15,75.00
M0139,Alex139,,Taylor139,239 Legacy Avenue,Langford,BC,V8V9J7,2025-08-15,85.00
M0140,Alex140,,Taylor140,240 Legacy Avenue,Victoria,BC,V8V0K0,2025-09-15,25.00
M0141,Alex141,,Taylor141,241 Legacy Avenue,Esquimalt,BC,V8V1L3,2025-10-15,35.00
M0142,Alex142,,Taylor142,242 Legacy Avenue,Saanich,BC,V8V2M6,2025-11-15,45.00
M0143,Alex143,,Taylor143,243 Legacy Avenue,Langford,BC,V8V3N9,2025-12-15,55.00
M0144,Alex144,,Taylor144,244 Legacy Avenue,Victoria,BC,V8V4O2,2025-01-15,65.00
M0145,Alex145,,Taylor145,245 Legacy Avenue,Esquimalt,BC,V8V5P5,2025-02-15,75.00
M0146,Alex146,,Taylor146,246 Legacy Avenue,Saanich,BC,V8V6Q8,2025-03-15,85.00
M0147,Alex147,,Taylor147,247 Legacy Avenue,Langford,BC,V8V7R1,2025-04-15,25.00
M0148,Alex148,,Taylor148,248 Legacy Avenue,Victoria,BC,V8V8S4,2025-05-15,35.00
M0149,Alex149,,Taylor149,249 Legacy Avenue,Esquimalt,BC,V8V9T7,2025-06-15,45.00
M0150,Alex150,,Taylor150,250 Legacy Avenue,Saanich,BC,V8V0U0,2025-07-15,55.00
M0151,Alex151,,Taylor151,251 Legacy Avenue,Langford,BC,V8V1V3,2025-08-15,65.00
M0152,Alex152,,Taylor152,252 Legacy Avenue,Victoria,BC,V8V2W6,2025-09-15,75.00
M0153,Alex153,,Taylor153,253 Legacy Avenue,Esquimalt,BC,V8V3X9,2025-10-15,85.00
M0154,Alex154,,Taylor154,254 Legacy Avenue,Saanich,BC,V8V4Y2,2025-11-15,25.00
M0155,Alex155,,Taylor155,255 Legacy Avenue,Langford,BC,V8V5Z5,2025-12-15,35.00
M0156,Alex156,,Taylor156,256 Legacy Avenue,Victoria,BC,V8V6A8,2025-01-15,45.00
M0157,Alex157,,Taylor157,257 Legacy Avenue,Esquimalt,BC,V8V7B1,2025-02-15,55.00
M0158,Alex158,,Taylor158,258 Legacy Avenue,Saanich,BC,V8V8C4,2025-03-15,65.00
M0159,Alex159,,Taylor159,259 Legacy Avenue,Langford,BC,V8V9D7,2025-04-15,75.00
M0160,Alex160,,Taylor160,260 Legacy Avenue,Victoria,BC,V8V0E0,2025-05-15,85.00
M0161,Alex161,,Taylor161,261 Legacy Avenue,Esquimalt,BC,V8V1F3,2025-06-15,25.00
M0162,Alex162,,Taylor162,262 Legacy Avenue,Saanich,BC,V8V2G6,2025-07-15,35.00
M0163,Alex163,,Taylor163,263 Legacy Avenue,Langford,BC,V8V3H9,2025-08-15,45.00
M0164,Alex164,,Taylor164,264 Legacy Avenue,Victoria,BC,V8V4I2,2025-09-15,55.00
M0165,Alex165,,Taylor165,265 Legacy Avenue,Esquimalt,BC,V8V5J5,2025-10-15,65.00
M0166,Alex166,,Taylor166,266 Legacy Avenue,Saanich,BC,V8V6K8,2025-11-15,75.00
M0167,Alex167,,Taylor167,267 Legacy Avenue,Langford,BC,V8V7L1,2025-12-15,85.00
M0168,Alex168,,Taylor168,268 Legacy Avenue,Victoria,BC,V8V8M4,2025-01-15,25.00
M0169,Alex169,,Taylor169,269 Legacy Avenue,Esquimalt,BC,V8V9N7,2025-02-15,35.00
M0170,Alex170,,Taylor170,270 Legacy Avenue,Saanich,BC,V8V0O0,2025-03-15,45.00
M0171,Alex171,,Taylor171,271 Legacy Avenue,Langford,BC,V8V1P3,2025-04-15,55.00
M0172,Alex172,,Taylor172,272 Legacy Avenue,Victoria,BC,V8V2Q6,2025-05-15,65.00
M0173,Alex173,,Taylor173,273 Legacy Avenue,Esquimalt,BC,V8V3R9,2025-06-15,75.00
M0174,Alex174,,Taylor174,274 Legacy Avenue,Saanich,BC,V8V4S2,2025-07-15,85.00
M0175,Alex175,,Taylor175,275 Legacy Avenue,Langford,BC,V8V5T5,2025-08-15,25.00
M0176,Alex176,,Taylor176,276 Legacy Avenue,Victoria,BC,V8V6U8,2025-09-15,35.00
M0177,Alex177,,Taylor177,277 Legacy Avenue,Esquimalt,BC,V8V7V1,2025-10-15,45.00
M0178,Alex178,,Taylor178,278 Legacy Avenue,Saanich,BC,V8V8W4,2025-11-15,55.00
M0179,Alex179,,Taylor179,279 Legacy Avenue,Langford,BC,V8V9X7,2025-12-15,65.00
M0180,Alex180,,Taylor180,280 Legacy Avenue,Victoria,BC,V8V0Y0,2025-01-15,75.00
M0181,Alex181,,Taylor181,281 Legacy Avenue,Esquimalt,BC,V8V1Z3,2025-02-15,85.00
M0182,Alex182,,Taylor182,282 Legacy Avenue,Saanich,BC,V8V2A6,2025-03-15,25.00
M0183,Alex183,,Taylor183,283 Legacy Avenue,Langford,BC,V8V3B9,2025-04-15,35.00
M0184,Alex184,,Taylor184,284 Legacy Avenue,Victoria,BC,V8V4C2,2025-05-15,45.00
M0185,Alex185,,Taylor185,285 Legacy Avenue,Esquimalt,BC,V8V5D5,2025-06-15,55.00
M0186,Alex186,,Taylor186,286 Legacy Avenue,Saanich,BC,V8V6E8,2025-07-15,65.00
M0187,Alex187,,Taylor187,287 Legacy Avenue,Langford,BC,V8V7F1,2025-08-15,75.00
M0188,Alex188,,Taylor188,288 Legacy Avenue,Victoria,BC,V8V8G4,2025-09-15,85.00
M0189,Alex189,,Taylor189,289 Legacy Avenue,Esquimalt,BC,V8V9H7,2025-10-15,25.00
M0190,Alex190,,Taylor190,290 Legacy Avenue,Saanich,BC,V8V0I0,2025-11-15,35.00
M0191,Alex191,,Taylor191,291 Legacy Avenue,Langford,BC,V8V1J3,2025-12-15,45.00
M0192,Alex192,,Taylor192,292 Legacy Avenue,Victoria,BC,V8V2K6,2025-01-15,55.00
M0193,Alex193,,Taylor193,293 Legacy Avenue,Esquimalt,BC,V8V3L9,2025-02-15,65.00
M0194,Alex194,,Taylor194,294 Legacy Avenue,Saanich,BC,V8V4M2,2025-03-15,75.00
M0195,Alex195,,Taylor195,295 Legacy Avenue,Langford,BC,V8V5N5,2025-04-15,85.00
M0196,Alex196,,Taylor196,296 Legacy Avenue,Victoria,BC,V8V6O8,2025-05-15,25.00
M0197,Alex197,,Taylor197,297 Legacy Avenue,Esquimalt,BC,V8V7P1,2025-06-15,35.00
M0198,Alex198,,Taylor198,298 Legacy Avenue,Saanich,BC,V8V8Q4,2025-07-15,45.00
M0199,Alex199,,Taylor199,299 Legacy Avenue,Langford,BC,V8V9R7,2025-08-15,55.00
M0200,Alex200,,Taylor200,300 Legacy Avenue,Victoria,BC,V8V0S0,2025-09-15,65.00
M0201,Alex201,,Taylor201,301 Legacy Avenue,Esquimalt,BC,V8V1T3,2025-10-15,75.00
M0202,Alex202,,Taylor202,302 Legacy Avenue,Saanich,BC,V8V2U6,2025-11-15,85.00
M0203,Alex203,,Taylor203,303 Legacy Avenue,Langford,BC,V8V3V9,2025-12-15,25.00
M0204,Alex204,,Taylor204,304 Legacy Avenue,Victoria,BC,V8V4W2,2025-01-15,35.00
M0205,Alex205,,Taylor205,305 Legacy Avenue,Esquimalt,BC,V8V5X5,2025-02-15,45.00
M0206,Alex206,,Taylor206,306 Legacy Avenue,Saanich,BC,V8V6Y8,2025-03-15,55.00
M0207,Alex207,,Taylor207,307 Legacy Avenue,Langford,BC,V8V7Z1,2025-04-15,65.00
M0208,Alex208,,Taylor208,308 Legacy Avenue,Victoria,BC,V8V8A4,2025-05-15,75.00
M0209,Alex209,,Taylor209,309 Legacy Avenue,Esquimalt,BC,V8V9B7,2025-06-15,85.00
M0210,Alex210,,Taylor210,310 Legacy Avenue,Saanich,BC,V8V0C0,2025-07-15,25.00
M0211,Alex211,,Taylor211,311 Legacy Avenue,Langford,BC,V8V1D3,2025-08-15,35.00
M0212,Alex212,,Taylor212,312 Legacy Avenue,Victoria,BC,V8V2E6,2025-09-15,45.00
M0213,Alex213,,Taylor213,313 Legacy Avenue,Esquimalt,BC,V8V3F9,2025-10-15,55.00
M0214,Alex214,,Taylor214,314 Legacy Avenue,Saanich,BC,V8V4G2,2025-11-15,65.00
M0215,Alex215,,Taylor215,315 Legacy Avenue,Langford,BC,V8V5H5,2025-12-15,75.00
M0216,Alex216,,Taylor216,316 Legacy Avenue,Victoria,BC,V8V6I8,2025-01-15,85.00
M0217,Alex217,,Taylor217,317 Legacy Avenue,Esquimalt,BC,V8V7J1,2025-02-15,25.00
M0218,Alex218,,Taylor218,318 Legacy Avenue,Saanich,BC,V8V8K4,2025-03-15,35.00
M0219,Alex219,,Taylor219,319 Legacy Avenue,Langford,BC,V8V9L7,2025-04-15,45.00
M0220,Alex220,,Taylor220,320 Legacy Avenue,Victoria,BC,V8V0M0,2025-05-15,55.00
M0221,Alex221,,Taylor221,321 Legacy Avenue,Esquimalt,BC,V8V1N3,2025-06-15,65.00
M0222,Alex222,,Taylor222,322 Legacy Avenue,Saanich,BC,V8V2O6,2025-07-15,75.00
M0223,Alex223,,Taylor223,323 Legacy Avenue,Langford,BC,V8V3P9,2025-08-15,85.00
M0224,Alex224,,Taylor224,324 Legacy Avenue,Victoria,BC,V8V4Q2,2025-09-15,25.00
M0225,Alex225,,Taylor225,325 Legacy Avenue,Esquimalt,BC,V8V5R5,2025-10-15,35.00
M0226,Alex226,,Taylor226,326 Legacy Avenue,Saanich,BC,V8V6S8,2025-11-15,45.00
M0227,Alex227,,Taylor227,327 Legacy Avenue,Langford,BC,V8V7T1,2025-12-15,55.00
M0228,Alex228,,Taylor228,328 Legacy Avenue,Victoria,BC,V8V8U4,2025-01-15,65.00
M0229,Alex229,,Taylor229,329 Legacy Avenue,Esquimalt,BC,V8V9V7,2025-02-15,75.00
M0230,Alex230,,Taylor230,330 Legacy Avenue,Saanich,BC,V8V0W0,2025-03-15,85.00
M0231,Alex231,,Taylor231,331 Legacy Avenue,Langford,BC,V8V1X3,2025-04-15,25.00
M0232,Alex232,,Taylor232,332 Legacy Avenue,Victoria,BC,V8V2Y6,2025-05-15,35.00
M0233,Alex233,,Taylor233,333 Legacy Avenue,Esquimalt,BC,V8V3Z9,2025-06-15,45.00
M0234,Alex234,,Taylor234,334 Legacy Avenue,Saanich,BC,V8V4A2,2025-07-15,55.00
M0235,Alex235,,Taylor235,335 Legacy Avenue,Langford,BC,V8V5B5,2025-08-15,65.00
M0236,Alex236,,Taylor236,336 Legacy Avenue,Victoria,BC,V8V6C8,2025-09-15,75.00
M0237,Alex237,,Taylor237,337 Legacy Avenue,Esquimalt,BC,V8V7D1,2025-10-15,85.00
M0238,Alex238,,Taylor238,338 Legacy Avenue,Saanich,BC,V8V8E4,2025-11-15,25.00
M0239,Alex239,,Taylor239,339 Legacy Avenue,Langford,BC,V8V9F7,2025-12-15,35.00
M0240,Alex240,,Taylor240,340 Legacy Avenue,Victoria,BC,V8V0G0,2025-01-15,45.00
M0241,Alex241,,Taylor241,341 Legacy Avenue,Esquimalt,BC,V8V1H3,2025-02-15,55.00
M0242,Alex242,,Taylor242,342 Legacy Avenue,Saanich,BC,V8V2I6,2025-03-15,65.00
M0243,Alex243,,Taylor243,343 Legacy Avenue,Langford,BC,V8V3J9,2025-04-15,75.00
M0244,Alex244,,Taylor244,344 Legacy Avenue,Victoria,BC,V8V4K2,2025-05-15,85.00
M0245,Alex245,,Taylor245,345 Legacy Avenue,Esquimalt,BC,V8V5L5,2025-06-15,25.00
M0246,Alex246,,Taylor246,346 Legacy Avenue,Saanich,BC,V8V6M8,2025-07-15,35.00
M0247,Alex247,,Taylor247,347 Legacy Avenue,Langford,BC,V8V7N1,2025-08-15,45.00
M0248,Alex248,,Taylor248,348 Legacy Avenue,Victoria,BC,V8V8O4,2025-09-15,55.00
M0249,Alex249,,Taylor249,349 Legacy Avenue,Esquimalt,BC,V8V9P7,2025-10-15,65.00
M0250,Alex250,,Taylor250,350 Legacy Avenue,Saanich,BC,V8V0Q0,2025-11-15,75.00
M0251,Alex251,,Taylor251,351 Legacy Avenue,Langford,BC,V8V1R3,2025-12-15,85.00
M0252,Alex252,,Taylor252,352 Legacy Avenue,Victoria,BC,V8V2S6,2025-01-15,25.00
M0253,Alex253,,Taylor253,353 Legacy Avenue,Esquimalt,BC,V8V3T9,2025-02-15,35.00
M0254,Alex254,,Taylor254,354 Legacy Avenue,Saanich,BC,V8V4U2,2025-03-15,45.00
M0255,Alex255,,Taylor255,355 Legacy Avenue,Langford,BC,V8V5V5,2025-04-15,55.00
M0256,Alex256,,Taylor256,356 Legacy Avenue,Victoria,BC,V8V6W8,2025-05-15,65.00
M0257,Alex257,,Taylor257,357 Legacy Avenue,Esquimalt,BC,V8V7X1,2025-06-15,75.00
M0258,Alex258,,Taylor258,358 Legacy Avenue,Saanich,BC,V8V8Y4,2025-07-15,85.00
M0259,Alex259,,Taylor259,359 Legacy Avenue,Langford,BC,V8V9Z7,2025-08-15,25.00
M0260,Alex260,,Taylor260,360 Legacy Avenue,Victoria,BC,V8V0A0,2025-09-15,35.00
M0261,Alex261,,Taylor261,361 Legacy Avenue,Esquimalt,BC,V8V1B3,2025-10-15,45.00
M0262,Alex262,,Taylor262,362 Legacy Avenue,Saanich,BC,V8V2C6,2025-11-15,55.00
M0263,Alex263,,Taylor263,363 Legacy Avenue,Langford,BC,V8V3D9,2025-12-15,65.00
M0264,Alex264,,Taylor264,364 Legacy Avenue,Victoria,BC,V8V4E2,2025-01-15,75.00
M0265,Alex265,,Taylor265,365 Legacy Avenue,Esquimalt,BC,V8V5F5,2025-02-15,85.00
M0266,Alex266,,Taylor266,366 Legacy Avenue,Saanich,BC,V8V6G8,2025-03-15,25.00
M0267,Alex267,,Taylor267,367 Legacy Avenue,Langford,BC,V8V7H1,2025-04-15,35.00
M0268,Alex268,,Taylor268,368 Legacy Avenue,Victoria,BC,V8V8I4,2025-05-15,45.00
M0269,Alex269,,Taylor269,369 Legacy Avenue,Esquimalt,BC,V8V9J7,2025-06-15,55.00
M0270,Alex270,,Taylor270,370 Legacy Avenue,Saanich,BC,V8V0K0,2025-07-15,65.00
M0271,Alex271,,Taylor271,371 Legacy Avenue,Langford,BC,V8V1L3,2025-08-15,75.00
M0272,Alex272,,Taylor272,372 Legacy Avenue,Victoria,BC,V8V2M6,2025-09-15,85.00
M0273,Alex273,,Taylor273,373 Legacy Avenue,Esquimalt,BC,V8V3N9,2025-10-15,25.00
M0274,Alex274,,Taylor274,374 Legacy Avenue,Saanich,BC,V8V4O2,2025-11-15,35.00
M0275,Alex275,,Taylor275,375 Legacy Avenue,Langford,BC,V8V5P5,2025-12-15,45.00
M0276,Alex276,,Taylor276,376 Legacy Avenue,Victoria,BC,V8V6Q8,2025-01-15,55.00
M0277,Alex277,,Taylor277,377 Legacy Avenue,Esquimalt,BC,V8V7R1,2025-02-15,65.00
M0278,Alex278,,Taylor278,378 Legacy Avenue,Saanich,BC,V8V8S4,2025-03-15,75.00
M0279,Alex279,,Taylor279,379 Legacy Avenue,Langford,BC,V8V9T7,2025-04-15,85.00
M0280,Alex280,,Taylor280,380 Legacy Avenue,Victoria,BC,V8V0U0,2025-05-15,25.00
M0281,Alex281,,Taylor281,381 Legacy Avenue,Esquimalt,BC,V8V1V3,2025-06-15,35.00
M0282,Alex282,,Taylor282,382 Legacy Avenue,Saanich,BC,V8V2W6,2025-07-15,45.00
M0283,Alex283,,Taylor283,383 Legacy Avenue,Langford,BC,V8V3X9,2025-08-15,55.00
M0284,Alex284,,Taylor284,384 Legacy Avenue,Victoria,BC,V8V4Y2,2025-09-15,65.00
M0285,Alex285,,Taylor285,385 Legacy Avenue,Esquimalt,BC,V8V5Z5,2025-10-15,75.00
M0286,Alex286,,Taylor286,386 Legacy Avenue,Saanich,BC,V8V6A8,2025-11-15,85.00
M0287,Alex287,,Taylor287,387 Legacy Avenue,Langford,BC,V8V7B1,2025-12-15,25.00
M0288,Alex288,,Taylor288,388 Legacy Avenue,Victoria,BC,V8V8C4,2025-01-15,35.00
M0289,Alex289,,Taylor289,389 Legacy Avenue,Esquimalt,BC,V8V9D7,2025-02-15,45.00
M0290,Alex290,,Taylor290,390 Legacy Avenue,Saanich,BC,V8V0E0,2025-03-15,55.00
M0291,Alex291,,Taylor291,391 Legacy Avenue,Langford,BC,V8V1F3,2025-04-15,65.00
M0292,Alex292,,Taylor292,392 Legacy Avenue,Victoria,BC,V8V2G6,2025-05-15,75.00
M0293,Alex293,,Taylor293,393 Legacy Avenue,Esquimalt,BC,V8V3H9,2025-06-15,85.00
M0294,Alex294,,Taylor294,394 Legacy Avenue,Saanich,BC,V8V4I2,2025-07-15,25.00
M0295,Alex295,,Taylor295,395 Legacy Avenue,Langford,BC,V8V5J5,2025-08-15,35.00
M0296,Alex296,,Taylor296,396 Legacy Avenue,Victoria,BC,V8V6K8,2025-09-15,45.00
M0297,Alex297,,Taylor297,397 Legacy Avenue,Esquimalt,BC,V8V7L1,2025-10-15,55.00
M0298,Alex298,,Taylor298,398 Legacy Avenue,Saanich,BC,V8V8M4,2025-11-15,65.00
M0299,Alex299,,Taylor299,399 Legacy Avenue,Langford,BC,V8V9N7,2025-12-15,75.00
M0300,Alex300,,Taylor300,400 Legacy Avenue,Victoria,BC,V8V0O0,2025-01-15,85.00
M0301,Alex301,,Taylor301,401 Legacy Avenue,Esquimalt,BC,V8V1P3,2025-02-15,25.00
M0302,Alex302,,Taylor302,402 Legacy Avenue,Saanich,BC,V8V2Q6,2025-03-15,35.00
M0303,Alex303,,Taylor303,403 Legacy Avenue,Langford,BC,V8V3R9,2025-04-15,45.00
M0304,Alex304,,Taylor304,404 Legacy Avenue,Victoria,BC,V8V4S2,2025-05-15,55.00
M0305,Alex305,,Taylor305,405 Legacy Avenue,Esquimalt,BC,V8V5T5,2025-06-15,65.00
M0306,Alex306,,Taylor306,406 Legacy Avenue,Saanich,BC,V8V6U8,2025-07-15,75.00
M0307,Alex307,,Taylor307,407 Legacy Avenue,Langford,BC,V8V7V1,2025-08-15,85.00
M0308,Alex308,,Taylor308,408 Legacy Avenue,Victoria,BC,V8V8W4,2025-09-15,25.00
M0309,Alex309,,Taylor309,409 Legacy Avenue,Esquimalt,BC,V8V9X7,2025-10-15,35.00
M0310,Alex310,,Taylor310,410 Legacy Avenue,Saanich,BC,V8V0Y0,2025-11-15,45.00
M0311,Alex311,,Taylor311,411 Legacy Avenue,Langford,BC,V8V1Z3,2025-12-15,55.00
M0312,Alex312,,Taylor312,412 Legacy Avenue,Victoria,BC,V8V2A6,2025-01-15,65.00
M0313,Alex313,,Taylor313,413 Legacy Avenue,Esquimalt,BC,V8V3B9,2025-02-15,75.00
M0314,Alex314,,Taylor314,414 Legacy Avenue,Saanich,BC,V8V4C2,2025-03-15,85.00
M0315,Alex315,,Taylor315,415 Legacy Avenue,Langford,BC,V8V5D5,2025-04-15,25.00
M0316,Alex316,,Taylor316,416 Legacy Avenue,Victoria,BC,V8V6E8,2025-05-15,35.00
M0317,Alex317,,Taylor317,417 Legacy Avenue,Esquimalt,BC,V8V7F1,2025-06-15,45.00
M0318,Alex318,,Taylor318,418 Legacy Avenue,Saanich,BC,V8V8G4,2025-07-15,55.00
M0319,Alex319,,Taylor319,419 Legacy Avenue,Langford,BC,V8V9H7,2025-08-15,65.00
M0320,Alex320,,Taylor320,420 Legacy Avenue,Victoria,BC,V8V0I0,2025-09-15,75.00
M0321,Alex321,,Taylor321,421 Legacy Avenue,Esquimalt,BC,V8V1J3,2025-10-15,85.00
M0322,Alex322,,Taylor322,422 Legacy Avenue,Saanich,BC,V8V2K6,2025-11-15,25.00
M0323,Alex323,,Taylor323,423 Legacy Avenue,Langford,BC,V8V3L9,2025-12-15,35.00
M0324,Alex324,,Taylor324,424 Legacy Avenue,Victoria,BC,V8V4M2,2025-01-15,45.00
M0325,Alex325,,Taylor325,425 Legacy Avenue,Esquimalt,BC,V8V5N5,2025-02-15,55.00
M0326,Alex326,,Taylor326,426 Legacy Avenue,Saanich,BC,V8V6O8,2025-03-15,65.00
M0327,Alex327,,Taylor327,427 Legacy Avenue,Langford,BC,V8V7P1,2025-04-15,75.00
M0328,Alex328,,Taylor328,428 Legacy Avenue,Victoria,BC,V8V8Q4,2025-05-15,85.00
M0329,Alex329,,Taylor329,429 Legacy Avenue,Esquimalt,BC,V8V9R7,2025-06-15,25.00
M0330,Alex330,,Taylor330,430 Legacy Avenue,Saanich,BC,V8V0S0,2025-07-15,35.00
M0331,Alex331,,Taylor331,431 Legacy Avenue,Langford,BC,V8V1T3,2025-08-15,45.00
M0332,Alex332,,Taylor332,432 Legacy Avenue,Victoria,BC,V8V2U6,2025-09-15,55.00
M0333,Alex333,,Taylor333,433 Legacy Avenue,Esquimalt,BC,V8V3V9,2025-10-15,65.00
M0334,Alex334,,Taylor334,434 Legacy Avenue,Saanich,BC,V8V4W2,2025-11-15,75.00
M0335,Alex335,,Taylor335,435 Legacy Avenue,Langford,BC,V8V5X5,2025-12-15,85.00
M0336,Alex336,,Taylor336,436 Legacy Avenue,Victoria,BC,V8V6Y8,2025-01-15,25.00
M0337,Alex337,,Taylor337,437 Legacy Avenue,Esquimalt,BC,V8V7Z1,2025-02-15,35.00
M0338,Alex338,,Taylor338,438 Legacy Avenue,Saanich,BC,V8V8A4,2025-03-15,45.00
M0339,Alex339,,Taylor339,439 Legacy Avenue,Langford,BC,V8V9B7,2025-04-15,55.00
M0340,Alex340,,Taylor340,440 Legacy Avenue,Victoria,BC,V8V0C0,2025-05-15,65.00
M0341,Alex341,,Taylor341,441 Legacy Avenue,Esquimalt,BC,V8V1D3,2025-06-15,75.00
M0342,Alex342,,Taylor342,442 Legacy Avenue,Saanich,BC,V8V2E6,2025-07-15,85.00
M0343,Alex343,,Taylor343,443 Legacy Avenue,Langford,BC,V8V3F9,2025-08-15,25.00
M0344,Alex344,,Taylor344,444 Legacy Avenue,Victoria,BC,V8V4G2,2025-09-15,35.00
M0345,Alex345,,Taylor345,445 Legacy Avenue,Esquimalt,BC,V8V5H5,2025-10-15,45.00
M0346,Alex346,,Taylor346,446 Legacy Avenue,Saanich,BC,V8V6I8,2025-11-15,55.00
M0347,Alex347,,Taylor347,447 Legacy Avenue,Langford,BC,V8V7J1,2025-12-15,65.00
M0348,Alex348,,Taylor348,448 Legacy Avenue,Victoria,BC,V8V8K4,2025-01-15,75.00
M0349,Alex349,,Taylor349,449 Legacy Avenue,Esquimalt,BC,V8V9L7,2025-02-15,85.00
M0350,Alex350,,Taylor350,450 Legacy Avenue,Saanich,BC,V8V0M0,2025-03-15,25.00
M0351,Alex351,,Taylor351,451 Legacy Avenue,Langford,BC,V8V1N3,2025-04-15,35.00
M0352,Alex352,,Taylor352,452 Legacy Avenue,Victoria,BC,V8V2O6,2025-05-15,45.00
M0353,Alex353,,Taylor353,453 Legacy Avenue,Esquimalt,BC,V8V3P9,2025-06-15,55.00
M0354,Alex354,,Taylor354,454 Legacy Avenue,Saanich,BC,V8V4Q2,2025-07-15,65.00
M0355,Alex355,,Taylor355,455 Legacy Avenue,Langford,BC,V8V5R5,2025-08-15,75.00
M0356,Alex356,,Taylor356,456 Legacy Avenue,Victoria,BC,V8V6S8,2025-09-15,85.00
M0357,Alex357,,Taylor357,457 Legacy Avenue,Esquimalt,BC,V8V7T1,2025-10-15,25.00
M0358,Alex358,,Taylor358,458 Legacy Avenue,Saanich,BC,V8V8U4,2025-11-15,35.00
M0359,Alex359,,Taylor359,459 Legacy Avenue,Langford,BC,V8V9V7,2025-12-15,45.00
M0360,Alex360,,Taylor360,460 Legacy Avenue,Victoria,BC,V8V0W0,2025-01-15,55.00
M0361,Alex361,,Taylor361,461 Legacy Avenue,Esquimalt,BC,V8V1X3,2025-02-15,65.00
M0362,Alex362,,Taylor362,462 Legacy Avenue,Saanich,BC,V8V2Y6,2025-03-15,75.00
M0363,Alex363,,Taylor363,463 Legacy Avenue,Langford,BC,V8V3Z9,2025-04-15,85.00
M0364,Alex364,,Taylor364,464 Legacy Avenue,Victoria,BC,V8V4A2,2025-05-15,25.00
M0365,Alex365,,Taylor365,465 Legacy Avenue,Esquimalt,BC,V8V5B5,2025-06-15,35.00
M0366,Alex366,,Taylor366,466 Legacy Avenue,Saanich,BC,V8V6C8,2025-07-15,45.00
M0367,Alex367,,Taylor367,467 Legacy Avenue,Langford,BC,V8V7D1,2025-08-15,55.00
M0368,Alex368,,Taylor368,468 Legacy Avenue,Victoria,BC,V8V8E4,2025-09-15,65.00
M0369,Alex369,,Taylor369,469 Legacy Avenue,Esquimalt,BC,V8V9F7,2025-10-15,75.00
M0370,Alex370,,Taylor370,470 Legacy Avenue,Saanich,BC,V8V0G0,2025-11-15,85.00
M0371,Alex371,,Taylor371,471 Legacy Avenue,Langford,BC,V8V1H3,2025-12-15,25.00
M0372,Alex372,,Taylor372,472 Legacy Avenue,Victoria,BC,V8V2I6,2025-01-15,35.00
M0373,Alex373,,Taylor373,473 Legacy Avenue,Esquimalt,BC,V8V3J9,2025-02-15,45.00
M0374,Alex374,,Taylor374,474 Legacy Avenue,Saanich,BC,V8V4K2,2025-03-15,55.00
M0375,Alex375,,Taylor375,475 Legacy Avenue,Langford,BC,V8V5L5,2025-04-15,65.00
M0376,Alex376,,Taylor376,476 Legacy Avenue,Victoria,BC,V8V6M8,2025-05-15,75.00
M0377,Alex377,,Taylor377,477 Legacy Avenue,Esquimalt,BC,V8V7N1,2025-06-15,85.00
M0378,Alex378,,Taylor378,478 Legacy Avenue,Saanich,BC,V8V8O4,2025-07-15,25.00
M0379,Alex379,,Taylor379,479 Legacy Avenue,Langford,BC,V8V9P7,2025-08-15,35.00
M0380,Alex380,,Taylor380,480 Legacy Avenue,Victoria,BC,V8V0Q0,2025-09-15,45.00
M0381,Alex381,,Taylor381,481 Legacy Avenue,Esquimalt,BC,V8V1R3,2025-10-15,55.00
M0382,Alex382,,Taylor382,482 Legacy Avenue,Saanich,BC,V8V2S6,2025-11-15,65.00
M0383,Alex383,,Taylor383,483 Legacy Avenue,Langford,BC,V8V3T9,2025-12-15,75.00
M0384,Alex384,,Taylor384,484 Legacy Avenue,Victoria,BC,V8V4U2,2025-01-15,85.00
M0385,Alex385,,Taylor385,485 Legacy Avenue,Esquimalt,BC,V8V5V5,2025-02-15,25.00
M0386,Alex386,,Taylor386,486 Legacy Avenue,Saanich,BC,V8V6W8,2025-03-15,35.00
M0387,Alex387,,Taylor387,487 Legacy Avenue,Langford,BC,V8V7X1,2025-04-15,45.00
M0388,Alex388,,Taylor388,488 Legacy Avenue,Victoria,BC,V8V8Y4,2025-05-15,55.00
M0389,Alex389,,Taylor389,489 Legacy Avenue,Esquimalt,BC,V8V9Z7,2025-06-15,65.00
M0390,Alex390,,Taylor390,490 Legacy Avenue,Saanich,BC,V8V0A0,2025-07-15,75.00
M0391,Alex391,,Taylor391,491 Legacy Avenue,Langford,BC,V8V1B3,2025-08-15,85.00
M0392,Alex392,,Taylor392,492 Legacy Avenue,Victoria,BC,V8V2C6,2025-09-15,25.00
M0393,Alex393,,Taylor393,493 Legacy Avenue,Esquimalt,BC,V8V3D9,2025-10-15,35.00
M0394,Alex394,,Taylor394,494 Legacy Avenue,Saanich,BC,V8V4E2,2025-11-15,45.00
M0395,Alex395,,Taylor395,495 Legacy Avenue,Langford,BC,V8V5F5,2025-12-15,55.00
M0396,Alex396,,Taylor396,496 Legacy Avenue,Victoria,BC,V8V6G8,2025-01-15,65.00
M0397,Alex397,,Taylor397,497 Legacy Avenue,Esquimalt,BC,V8V7H1,2025-02-15,75.00
M0398,Alex398,,Taylor398,498 Legacy Avenue,Saanich,BC,V8V8I4,2025-03-15,85.00
M0399,Alex399,,Taylor399,499 Legacy Avenue,Langford,BC,V8V9J7,2025-04-15,25.00
M0400,Alex400,,Taylor400,500 Legacy Avenue,Victoria,BC,V8V0K0,2025-05-15,35.00
M0401,Alex401,,Taylor401,501 Legacy Avenue,Esquimalt,BC,V8V1L3,2025-06-15,45.00
M0402,Alex402,,Taylor402,502 Legacy Avenue,Saanich,BC,V8V2M6,2025-07-15,55.00
M0403,Alex403,,Taylor403,503 Legacy Avenue,Langford,BC,V8V3N9,2025-08-15,65.00
M0404,Alex404,,Taylor404,504 Legacy Avenue,Victoria,BC,V8V4O2,2025-09-15,75.00
M0405,Alex405,,Taylor405,505 Legacy Avenue,Esquimalt,BC,V8V5P5,2025-10-15,85.00
M0406,Alex406,,Taylor406,506 Legacy Avenue,Saanich,BC,V8V6Q8,2025-11-15,25.00
M0407,Alex407,,Taylor407,507 Legacy Avenue,Langford,BC,V8V7R1,2025-12-15,35.00
M0408,Alex408,,Taylor408,508 Legacy Avenue,Victoria,BC,V8V8S4,2025-01-15,45.00
M0409,Alex409,,Taylor409,509 Legacy Avenue,Esquimalt,BC,V8V9T7,2025-02-15,55.00
M0410,Alex410,,Taylor410,510 Legacy Avenue,Saanich,BC,V8V0U0,2025-03-15,65.00
M0411,Alex411,,Taylor411,511 Legacy Avenue,Langford,BC,V8V1V3,2025-04-15,75.00
M0412,Alex412,,Taylor412,512 Legacy Avenue,Victoria,BC,V8V2W6,2025-05-15,85.00
M0413,Alex413,,Taylor413,513 Legacy Avenue,Esquimalt,BC,V8V3X9,2025-06-15,25.00
M0414,Alex414,,Taylor414,514 Legacy Avenue,Saanich,BC,V8V4Y2,2025-07-15,35.00
M0415,Alex415,,Taylor415,515 Legacy Avenue,Langford,BC,V8V5Z5,2025-08-15,45.00
M0416,Alex416,,Taylor416,516 Legacy Avenue,Victoria,BC,V8V6A8,2025-09-15,55.00
M0417,Alex417,,Taylor417,517 Legacy Avenue,Esquimalt,BC,V8V7B1,2025-10-15,65.00
M0418,Alex418,,Taylor418,518 Legacy Avenue,Saanich,BC,V8V8C4,2025-11-15,75.00
M0419,Alex419,,Taylor419,519 Legacy Avenue,Langford,BC,V8V9D7,2025-12-15,85.00
M0420,Alex420,,Taylor420,520 Legacy Avenue,Victoria,BC,V8V0E0,2025-01-15,25.00
M0421,Alex421,,Taylor421,521 Legacy Avenue,Esquimalt,BC,V8V1F3,2025-02-15,35.00
M0422,Alex422,,Taylor422,522 Legacy Avenue,Saanich,BC,V8V2G6,2025-03-15,45.00
M0423,Alex423,,Taylor423,523 Legacy Avenue,Langford,BC,V8V3H9,2025-04-15,55.00
M0424,Alex424,,Taylor424,524 Legacy Avenue,Victoria,BC,V8V4I2,2025-05-15,65.00
M0425,Alex425,,Taylor425,525 Legacy Avenue,Esquimalt,BC,V8V5J5,2025-06-15,75.00
M0426,Alex426,,Taylor426,526 Legacy Avenue,Saanich,BC,V8V6K8,2025-07-15,85.00
M0427,Alex427,,Taylor427,527 Legacy Avenue,Langford,BC,V8V7L1,2025-08-15,25.00
M0428,Alex428,,Taylor428,528 Legacy Avenue,Victoria,BC,V8V8M4,2025-09-15,35.00
M0429,Alex429,,Taylor429,529 Legacy Avenue,Esquimalt,BC,V8V9N7,2025-10-15,45.00
M0430,Alex430,,Taylor430,530 Legacy Avenue,Saanich,BC,V8V0O0,2025-11-15,55.00
M0431,Alex431,,Taylor431,531 Legacy Avenue,Langford,BC,V8V1P3,2025-12-15,65.00
M0432,Alex432,,Taylor432,532 Legacy Avenue,Victoria,BC,V8V2Q6,2025-01-15,75.00
M0433,Alex433,,Taylor433,533 Legacy Avenue,Esquimalt,BC,V8V3R9,2025-02-15,85.00
M0434,Alex434,,Taylor434,534 Legacy Avenue,Saanich,BC,V8V4S2,2025-03-15,25.00
M0435,Alex435,,Taylor435,535 Legacy Avenue,Langford,BC,V8V5T5,2025-04-15,35.00
M0436,Alex436,,Taylor436,536 Legacy Avenue,Victoria,BC,V8V6U8,2025-05-15,45.00
M0437,Alex437,,Taylor437,537 Legacy Avenue,Esquimalt,BC,V8V7V1,2025-06-15,55.00
M0438,Alex438,,Taylor438,538 Legacy Avenue,Saanich,BC,V8V8W4,2025-07-15,65.00
M0439,Alex439,,Taylor439,539 Legacy Avenue,Langford,BC,V8V9X7,2025-08-15,75.00
M0440,Alex440,,Taylor440,540 Legacy Avenue,Victoria,BC,V8V0Y0,2025-09-15,85.00
M0441,Alex441,,Taylor441,541 Legacy Avenue,Esquimalt,BC,V8V1Z3,2025-10-15,25.00
M0442,Alex442,,Taylor442,542 Legacy Avenue,Saanich,BC,V8V2A6,2025-11-15,35.00
M0443,Alex443,,Taylor443,543 Legacy Avenue,Langford,BC,V8V3B9,2025-12-15,45.00
M0444,Alex444,,Taylor444,544 Legacy Avenue,Victoria,BC,V8V4C2,2025-01-15,55.00
M0445,Alex445,,Taylor445,545 Legacy Avenue,Esquimalt,BC,V8V5D5,2025-02-15,65.00
M0446,Alex446,,Taylor446,546 Legacy Avenue,Saanich,BC,V8V6E8,2025-03-15,75.00
M0447,Alex447,,Taylor447,547 Legacy Avenue,Langford,BC,V8V7F1,2025-04-15,85.00
M0448,Alex448,,Taylor448,548 Legacy Avenue,Victoria,BC,V8V8G4,2025-05-15,25.00
M0449,Alex449,,Taylor449,549 Legacy Avenue,Esquimalt,BC,V8V9H7,2025-06-15,35.00
M0450,Alex450,,Taylor450,550 Legacy Avenue,Saanich,BC,V8V0I0,2025-07-15,45.00
M0451,Alex451,,Taylor451,551 Legacy Avenue,Langford,BC,V8V1J3,2025-08-15,55.00
M0452,Alex452,,Taylor452,552 Legacy Avenue,Victoria,BC,V8V2K6,2025-09-15,65.00
M0453,Alex453,,Taylor453,553 Legacy Avenue,Esquimalt,BC,V8V3L9,2025-10-15,75.00
M0454,Alex454,,Taylor454,554 Legacy Avenue,Saanich,BC,V8V4M2,2025-11-15,85.00
M0455,Alex455,,Taylor455,555 Legacy Avenue,Langford,BC,V8V5N5,2025-12-15,25.00
M0456,Alex456,,Taylor456,556 Legacy Avenue,Victoria,BC,V8V6O8,2025-01-15,35.00
M0457,Alex457,,Taylor457,557 Legacy Avenue,Esquimalt,BC,V8V7P1,2025-02-15,45.00
M0458,Alex458,,Taylor458,558 Legacy Avenue,Saanich,BC,V8V8Q4,2025-03-15,55.00
M0459,Alex459,,Taylor459,559 Legacy Avenue,Langford,BC,V8V9R7,2025-04-15,65.00
M0460,Alex460,,Taylor460,560 Legacy Avenue,Victoria,BC,V8V0S0,2025-05-15,75.00
M0461,Alex461,,Taylor461,561 Legacy Avenue,Esquimalt,BC,V8V1T3,2025-06-15,85.00
M0462,Alex462,,Taylor462,562 Legacy Avenue,Saanich,BC,V8V2U6,2025-07-15,25.00
M0463,Alex463,,Taylor463,563 Legacy Avenue,Langford,BC,V8V3V9,2025-08-15,35.00
M0464,Alex464,,Taylor464,564 Legacy Avenue,Victoria,BC,V8V4W2,2025-09-15,45.00
M0465,Alex465,,Taylor465,565 Legacy Avenue,Esquimalt,BC,V8V5X5,2025-10-15,55.00
M0466,Alex466,,Taylor466,566 Legacy Avenue,Saanich,BC,V8V6Y8,2025-11-15,65.00
M0467,Alex467,,Taylor467,567 Legacy Avenue,Langford,BC,V8V7Z1,2025-12-15,75.00
M0468,Alex468,,Taylor468,568 Legacy Avenue,Victoria,BC,V8V8A4,2025-01-15,85.00
M0469,Alex469,,Taylor469,569 Legacy Avenue,Esquimalt,BC,V8V9B7,2025-02-15,25.00
M0470,Alex470,,Taylor470,570 Legacy Avenue,Saanich,BC,V8V0C0,2025-03-15,35.00
M0471,Alex471,,Taylor471,571 Legacy Avenue,Langford,BC,V8V1D3,2025-04-15,45.00
M0472,Alex472,,Taylor472,572 Legacy Avenue,Victoria,BC,V8V2E6,2025-05-15,55.00
M0473,Alex473,,Taylor473,573 Legacy Avenue,Esquimalt,BC,V8V3F9,2025-06-15,65.00
M0474,Alex474,,Taylor474,574 Legacy Avenue,Saanich,BC,V8V4G2,2025-07-15,75.00
M0475,Alex475,,Taylor475,575 Legacy Avenue,Langford,BC,V8V5H5,2025-08-15,85.00
M0476,Alex476,,Taylor476,576 Legacy Avenue,Victoria,BC,V8V6I8,2025-09-15,25.00
M0477,Alex477,,Taylor477,577 Legacy Avenue,Esquimalt,BC,V8V7J1,2025-10-15,35.00
M0478,Alex478,,Taylor478,578 Legacy Avenue,Saanich,BC,V8V8K4,2025-11-15,45.00
M0479,Alex479,,Taylor479,579 Legacy Avenue,Langford,BC,V8V9L7,2025-12-15,55.00
M0480,Alex480,,Taylor480,580 Legacy Avenue,Victoria,BC,V8V0M0,2025-01-15,65.00
M0481,Alex481,,Taylor481,581 Legacy Avenue,Esquimalt,BC,V8V1N3,2025-02-15,75.00
M0482,Alex482,,Taylor482,582 Legacy Avenue,Saanich,BC,V8V2O6,2025-03-15,85.00
M0483,Alex483,,Taylor483,583 Legacy Avenue,Langford,BC,V8V3P9,2025-04-15,25.00
M0484,Alex484,,Taylor484,584 Legacy Avenue,Victoria,BC,V8V4Q2,2025-05-15,35.00
M0485,Alex485,,Taylor485,585 Legacy Avenue,Esquimalt,BC,V8V5R5,2025-06-15,45.00
M0486,Alex486,,Taylor486,586 Legacy Avenue,Saanich,BC,V8V6S8,2025-07-15,55.00
M0487,Alex487,,Taylor487,587 Legacy Avenue,Langford,BC,V8V7T1,2025-08-15,65.00
M0488,Alex488,,Taylor488,588 Legacy Avenue,Victoria,BC,V8V8U4,2025-09-15,75.00
M0489,Alex489,,Taylor489,589 Legacy Avenue,Esquimalt,BC,V8V9V7,2025-10-15,85.00
M0490,Alex490,,Taylor490,590 Legacy Avenue,Saanich,BC,V8V0W0,2025-11-15,25.00
M0491,Alex491,,Taylor491,591 Legacy Avenue,Langford,BC,V8V1X3,2025-12-15,35.00
M0492,Alex492,,Taylor492,592 Legacy Avenue,Victoria,BC,V8V2Y6,2025-01-15,45.00
M0493,Alex493,,Taylor493,593 Legacy Avenue,Esquimalt,BC,V8V3Z9,2025-02-15,55.00
M0494,Alex494,,Taylor494,594 Legacy Avenue,Saanich,BC,V8V4A2,2025-03-15,65.00
M0495,Alex495,,Taylor495,595 Legacy Avenue,Langford,BC,V8V5B5,2025-04-15,75.00
M0496,Alex496,,Taylor496,596 Legacy Avenue,Victoria,BC,V8V6C8,2025-05-15,85.00
M0497,Alex497,,Taylor497,597 Legacy Avenue,Esquimalt,BC,V8V7D1,2025-06-15,25.00
M0498,Alex498,,Taylor498,598 Legacy Avenue,Saanich,BC,V8V8E4,2025-07-15,35.00
M0499,Alex499,,Taylor499,599 Legacy Avenue,Langford,BC,V8V9F7,2025-08-15,45.00
M0500,Alex500,,Taylor500,600 Legacy Avenue,Victoria,BC,V8V0G0,2025-09-15,55.00
M0501,Alex501,,Taylor501,601 Legacy Avenue,Esquimalt,BC,V8V1H3,2025-10-15,65.00
M0502,Alex502,,Taylor502,602 Legacy Avenue,Saanich,BC,V8V2I6,2025-11-15,75.00
M0503,Alex503,,Taylor503,603 Legacy Avenue,Langford,BC,V8V3J9,2025-12-15,85.00
M0504,Alex504,,Taylor504,604 Legacy Avenue,Victoria,BC,V8V4K2,2025-01-15,25.00
M0505,Alex505,,Taylor505,605 Legacy Avenue,Esquimalt,BC,V8V5L5,2025-02-15,35.00
M0506,Alex506,,Taylor506,606 Legacy Avenue,Saanich,BC,V8V6M8,2025-03-15,45.00
M0507,Alex507,,Taylor507,607 Legacy Avenue,Langford,BC,V8V7N1,2025-04-15,55.00
M0508,Alex508,,Taylor508,608 Legacy Avenue,Victoria,BC,V8V8O4,2025-05-15,65.00
M0509,Alex509,,Taylor509,609 Legacy Avenue,Esquimalt,BC,V8V9P7,2025-06-15,75.00
M0510,Alex510,,Taylor510,610 Legacy Avenue,Saanich,BC,V8V0Q0,2025-07-15,85.00
M0511,Alex511,,Taylor511,611 Legacy Avenue,Langford,BC,V8V1R3,2025-08-15,25.00
M0512,Alex512,,Taylor512,612 Legacy Avenue,Victoria,BC,V8V2S6,2025-09-15,35.00
M0513,Alex513,,Taylor513,613 Legacy Avenue,Esquimalt,BC,V8V3T9,2025-10-15,45.00
M0514,Alex514,,Taylor514,614 Legacy Avenue,Saanich,BC,V8V4U2,2025-11-15,55.00
M0515,Alex515,,Taylor515,615 Legacy Avenue,Langford,BC,V8V5V5,2025-12-15,65.00
M0516,Alex516,,Taylor516,616 Legacy Avenue,Victoria,BC,V8V6W8,2025-01-15,75.00
M0517,Alex517,,Taylor517,617 Legacy Avenue,Esquimalt,BC,V8V7X1,2025-02-15,85.00
M0518,Alex518,,Taylor518,618 Legacy Avenue,Saanich,BC,V8V8Y4,2025-03-15,25.00
M0519,Alex519,,Taylor519,619 Legacy Avenue,Langford,BC,V8V9Z7,2025-04-15,35.00
M0520,Alex520,,Taylor520,620 Legacy Avenue,Victoria,BC,V8V0A0,2025-05-15,45.00
M0521,Alex521,,Taylor521,621 Legacy Avenue,Esquimalt,BC,V8V1B3,2025-06-15,55.00
M0522,Alex522,,Taylor522,622 Legacy Avenue,Saanich,BC,V8V2C6,2025-07-15,65.00
M0523,Alex523,,Taylor523,623 Legacy Avenue,Langford,BC,V8V3D9,2025-08-15,75.00
M0524,Alex524,,Taylor524,624 Legacy Avenue,Victoria,BC,V8V4E2,2025-09-15,85.00
M0525,Alex525,,Taylor525,625 Legacy Avenue,Esquimalt,BC,V8V5F5,2025-10-15,25.00
M0526,Alex526,,Taylor526,626 Legacy Avenue,Saanich,BC,V8V6G8,2025-11-15,35.00
M0527,Alex527,,Taylor527,627 Legacy Avenue,Langford,BC,V8V7H1,2025-12-15,45.00
M0528,Alex528,,Taylor528,628 Legacy Avenue,Victoria,BC,V8V8I4,2025-01-15,55.00
M0529,Alex529,,Taylor529,629 Legacy Avenue,Esquimalt,BC,V8V9J7,2025-02-15,65.00
M0530,Alex530,,Taylor530,630 Legacy Avenue,Saanich,BC,V8V0K0,2025-03-15,75.00
M0531,Alex531,,Taylor531,631 Legacy Avenue,Langford,BC,V8V1L3,2025-04-15,85.00
M0532,Alex532,,Taylor532,632 Legacy Avenue,Victoria,BC,V8V2M6,2025-05-15,25.00
M0533,Alex533,,Taylor533,633 Legacy Avenue,Esquimalt,BC,V8V3N9,2025-06-15,35.00
M0534,Alex534,,Taylor534,634 Legacy Avenue,Saanich,BC,V8V4O2,2025-07-15,45.00
M0535,Alex535,,Taylor535,635 Legacy Avenue,Langford,BC,V8V5P5,2025-08-15,55.00
M0536,Alex536,,Taylor536,636 Legacy Avenue,Victoria,BC,V8V6Q8,2025-09-15,65.00
M0537,Alex537,,Taylor537,637 Legacy Avenue,Esquimalt,BC,V8V7R1,2025-10-15,75.00
M0538,Alex538,,Taylor538,638 Legacy Avenue,Saanich,BC,V8V8S4,2025-11-15,85.00
M0539,Alex539,,Taylor539,639 Legacy Avenue,Langford,BC,V8V9T7,2025-12-15,25.00
M0540,Alex540,,Taylor540,640 Legacy Avenue,Victoria,BC,V8V0U0,2025-01-15,35.00
M0541,Alex541,,Taylor541,641 Legacy Avenue,Esquimalt,BC,V8V1V3,2025-02-15,45.00
M0542,Alex542,,Taylor542,642 Legacy Avenue,Saanich,BC,V8V2W6,2025-03-15,55.00
M0543,Alex543,,Taylor543,643 Legacy Avenue,Langford,BC,V8V3X9,2025-04-15,65.00
M0544,Alex544,,Taylor544,644 Legacy Avenue,Victoria,BC,V8V4Y2,2025-05-15,75.00
M0545,Alex545,,Taylor545,645 Legacy Avenue,Esquimalt,BC,V8V5Z5,2025-06-15,85.00
M0546,Alex546,,Taylor546,646 Legacy Avenue,Saanich,BC,V8V6A8,2025-07-15,25.00
M0547,Alex547,,Taylor547,647 Legacy Avenue,Langford,BC,V8V7B1,2025-08-15,35.00
M0548,Alex548,,Taylor548,648 Legacy Avenue,Victoria,BC,V8V8C4,2025-09-15,45.00
M0549,Alex549,,Taylor549,649 Legacy Avenue,Esquimalt,BC,V8V9D7,2025-10-15,55.00
M0550,Alex550,,Taylor550,650 Legacy Avenue,Saanich,BC,V8V0E0,2025-11-15,65.00
M0551,Alex551,,Taylor551,651 Legacy Avenue,Langford,BC,V8V1F3,2025-12-15,75.00
M0552,Alex552,,Taylor552,652 Legacy Avenue,Victoria,BC,V8V2G6,2025-01-15,85.00
M0553,Alex553,,Taylor553,653 Legacy Avenue,Esquimalt,BC,V8V3H9,2025-02-15,25.00
M0554,Alex554,,Taylor554,654 Legacy Avenue,Saanich,BC,V8V4I2,2025-03-15,35.00
M0555,Alex555,,Taylor555,655 Legacy Avenue,Langford,BC,V8V5J5,2025-04-15,45.00
M0556,Alex556,,Taylor556,656 Legacy Avenue,Victoria,BC,V8V6K8,2025-05-15,55.00
M0557,Alex557,,Taylor557,657 Legacy Avenue,Esquimalt,BC,V8V7L1,2025-06-15,65.00
M0558,Alex558,,Taylor558,658 Legacy Avenue,Saanich,BC,V8V8M4,2025-07-15,75.00
M0559,Alex559,,Taylor559,659 Legacy Avenue,Langford,BC,V8V9N7,2025-08-15,85.00
M0560,Alex560,,Taylor560,660 Legacy Avenue,Victoria,BC,V8V0O0,2025-09-15,25.00
M0561,Alex561,,Taylor561,661 Legacy Avenue,Esquimalt,BC,V8V1P3,2025-10-15,35.00
M0562,Alex562,,Taylor562,662 Legacy Avenue,Saanich,BC,V8V2Q6,2025-11-15,45.00
M0563,Alex563,,Taylor563,663 Legacy Avenue,Langford,BC,V8V3R9,2025-12-15,55.00
M0564,Alex564,,Taylor564,664 Legacy Avenue,Victoria,BC,V8V4S2,2025-01-15,65.00
M0565,Alex565,,Taylor565,665 Legacy Avenue,Esquimalt,BC,V8V5T5,2025-02-15,75.00
M0566,Alex566,,Taylor566,666 Legacy Avenue,Saanich,BC,V8V6U8,2025-03-15,85.00
M0567,Alex567,,Taylor567,667 Legacy Avenue,Langford,BC,V8V7V1,2025-04-15,25.00
M0568,Alex568,,Taylor568,668 Legacy Avenue,Victoria,BC,V8V8W4,2025-05-15,35.00
M0569,Alex569,,Taylor569,669 Legacy Avenue,Esquimalt,BC,V8V9X7,2025-06-15,45.00
M0570,Alex570,,Taylor570,670 Legacy Avenue,Saanich,BC,V8V0Y0,2025-07-15,55.00
M0571,Alex571,,Taylor571,671 Legacy Avenue,Langford,BC,V8V1Z3,2025-08-15,65.00
M0572,Alex572,,Taylor572,672 Legacy Avenue,Victoria,BC,V8V2A6,2025-09-15,75.00
M0573,Alex573,,Taylor573,673 Legacy Avenue,Esquimalt,BC,V8V3B9,2025-10-15,85.00
M0574,Alex574,,Taylor574,674 Legacy Avenue,Saanich,BC,V8V4C2,2025-11-15,25.00
M0575,Alex575,,Taylor575,675 Legacy Avenue,Langford,BC,V8V5D5,2025-12-15,35.00
M0576,Alex576,,Taylor576,676 Legacy Avenue,Victoria,BC,V8V6E8,2025-01-15,45.00
M0577,Alex577,,Taylor577,677 Legacy Avenue,Esquimalt,BC,V8V7F1,2025-02-15,55.00
M0578,Alex578,,Taylor578,678 Legacy Avenue,Saanich,BC,V8V8G4,2025-03-15,65.00
M0579,Alex579,,Taylor579,679 Legacy Avenue,Langford,BC,V8V9H7,2025-04-15,75.00
M0580,Alex580,,Taylor580,680 Legacy Avenue,Victoria,BC,V8V0I0,2025-05-15,85.00
M0581,Alex581,,Taylor581,681 Legacy Avenue,Esquimalt,BC,V8V1J3,2025-06-15,25.00
M0582,Alex582,,Taylor582,682 Legacy Avenue,Saanich,BC,V8V2K6,2025-07-15,35.00
M0583,Alex583,,Taylor583,683 Legacy Avenue,Langford,BC,V8V3L9,2025-08-15,45.00
M0584,Alex584,,Taylor584,684 Legacy Avenue,Victoria,BC,V8V4M2,2025-09-15,55.00
M0585,Alex585,,Taylor585,685 Legacy Avenue,Esquimalt,BC,V8V5N5,2025-10-15,65.00
M0586,Alex586,,Taylor586,686 Legacy Avenue,Saanich,BC,V8V6O8,2025-11-15,75.00
M0587,Alex587,,Taylor587,687 Legacy Avenue,Langford,BC,V8V7P1,2025-12-15,85.00
M0588,Alex588,,Taylor588,688 Legacy Avenue,Victoria,BC,V8V8Q4,2025-01-15,25.00
M0589,Alex589,,Taylor589,689 Legacy Avenue,Esquimalt,BC,V8V9R7,2025-02-15,35.00
M0590,Alex590,,Taylor590,690 Legacy Avenue,Saanich,BC,V8V0S0,2025-03-15,45.00
M0591,Alex591,,Taylor591,691 Legacy Avenue,Langford,BC,V8V1T3,2025-04-15,55.00
M0592,Alex592,,Taylor592,692 Legacy Avenue,Victoria,BC,V8V2U6,2025-05-15,65.00
M0593,Alex593,,Taylor593,693 Legacy Avenue,Esquimalt,BC,V8V3V9,2025-06-15,75.00
M0594,Alex594,,Taylor594,694 Legacy Avenue,Saanich,BC,V8V4W2,2025-07-15,85.00
M0595,Alex595,,Taylor595,695 Legacy Avenue,Langford,BC,V8V5X5,2025-08-15,25.00
M0596,Alex596,,Taylor596,696 Legacy Avenue,Victoria,BC,V8V6Y8,2025-09-15,35.00
M0597,Alex597,,Taylor597,697 Legacy Avenue,Esquimalt,BC,V8V7Z1,2025-10-15,45.00
M0598,Alex598,,Taylor598,698 Legacy Avenue,Saanich,BC,V8V8A4,2025-11-15,55.00
M0599,Alex599,,Taylor599,699 Legacy Avenue,Langford,BC,V8V9B7,2025-12-15,65.00
M0600,Alex600,,Taylor600,700 Legacy Avenue,Victoria,BC,V8V0C0,2025-01-15,75.00
M0601,Alex601,,Taylor601,701 Legacy Avenue,Esquimalt,BC,V8V1D3,2025-02-15,85.00
M0602,Alex602,,Taylor602,702 Legacy Avenue,Saanich,BC,V8V2E6,2025-03-15,25.00
M0603,Alex603,,Taylor603,703 Legacy Avenue,Langford,BC,V8V3F9,2025-04-15,35.00
M0604,Alex604,,Taylor604,704 Legacy Avenue,Victoria,BC,V8V4G2,2025-05-15,45.00
M0605,Alex605,,Taylor605,705 Legacy Avenue,Esquimalt,BC,V8V5H5,2025-06-15,55.00
M0606,Alex606,,Taylor606,706 Legacy Avenue,Saanich,BC,V8V6I8,2025-07-15,65.00
M0607,Alex607,,Taylor607,707 Legacy Avenue,Langford,BC,V8V7J1,2025-08-15,75.00
M0608,Alex608,,Taylor608,708 Legacy Avenue,Victoria,BC,V8V8K4,2025-09-15,85.00
M0609,Alex609,,Taylor609,709 Legacy Avenue,Esquimalt,BC,V8V9L7,2025-10-15,25.00
M0610,Alex610,,Taylor610,710 Legacy Avenue,Saanich,BC,V8V0M0,2025-11-15,35.00
M0611,Alex611,,Taylor611,711 Legacy Avenue,Langford,BC,V8V1N3,2025-12-15,45.00
M0612,Alex612,,Taylor612,712 Legacy Avenue,Victoria,BC,V8V2O6,2025-01-15,55.00
M0613,Alex613,,Taylor613,713 Legacy Avenue,Esquimalt,BC,V8V3P9,2025-02-15,65.00
M0614,Alex614,,Taylor614,714 Legacy Avenue,Saanich,BC,V8V4Q2,2025-03-15,75.00
M0615,Alex615,,Taylor615,715 Legacy Avenue,Langford,BC,V8V5R5,2025-04-15,85.00
M0616,Alex616,,Taylor616,716 Legacy Avenue,Victoria,BC,V8V6S8,2025-05-15,25.00
M0617,Alex617,,Taylor617,717 Legacy Avenue,Esquimalt,BC,V8V7T1,2025-06-15,35.00
M0618,Alex618,,Taylor618,718 Legacy Avenue,Saanich,BC,V8V8U4,2025-07-15,45.00
M0619,Alex619,,Taylor619,719 Legacy Avenue,Langford,BC,V8V9V7,2025-08-15,55.00
M0620,Alex620,,Taylor620,720 Legacy Avenue,Victoria,BC,V8V0W0,2025-09-15,65.00
M0621,Alex621,,Taylor621,721 Legacy Avenue,Esquimalt,BC,V8V1X3,2025-10-15,75.00
M0622,Alex622,,Taylor622,722 Legacy Avenue,Saanich,BC,V8V2Y6,2025-11-15,85.00
M0623,Alex623,,Taylor623,723 Legacy Avenue,Langford,BC,V8V3Z9,2025-12-15,25.00
M0624,Alex624,,Taylor624,724 Legacy Avenue,Victoria,BC,V8V4A2,2025-01-15,35.00
M0625,Alex625,,Taylor625,725 Legacy Avenue,Esquimalt,BC,V8V5B5,2025-02-15,45.00
M0626,Alex626,,Taylor626,726 Legacy Avenue,Saanich,BC,V8V6C8,2025-03-15,55.00
M0627,Alex627,,Taylor627,727 Legacy Avenue,Langford,BC,V8V7D1,2025-04-15,65.00
M0628,Alex628,,Taylor628,728 Legacy Avenue,Victoria,BC,V8V8E4,2025-05-15,75.00
M0629,Alex629,,Taylor629,729 Legacy Avenue,Esquimalt,BC,V8V9F7,2025-06-15,85.00
M0630,Alex630,,Taylor630,730 Legacy Avenue,Saanich,BC,V8V0G0,2025-07-15,25.00
M0631,Alex631,,Taylor631,731 Legacy Avenue,Langford,BC,V8V1H3,2025-08-15,35.00
M0632,Alex632,,Taylor632,732 Legacy Avenue,Victoria,BC,V8V2I6,2025-09-15,45.00
M0633,Alex633,,Taylor633,733 Legacy Avenue,Esquimalt,BC,V8V3J9,2025-10-15,55.00
M0634,Alex634,,Taylor634,734 Legacy Avenue,Saanich,BC,V8V4K2,2025-11-15,65.00
M0635,Alex635,,Taylor635,735 Legacy Avenue,Langford,BC,V8V5L5,2025-12-15,75.00
M0636,Alex636,,Taylor636,736 Legacy Avenue,Victoria,BC,V8V6M8,2025-01-15,85.00
M0637,Alex637,,Taylor637,737 Legacy Avenue,Esquimalt,BC,V8V7N1,2025-02-15,25.00
M0638,Alex638,,Taylor638,738 Legacy Avenue,Saanich,BC,V8V8O4,2025-03-15,35.00
M0639,Alex639,,Taylor639,739 Legacy Avenue,Langford,BC,V8V9P7,2025-04-15,45.00
M0640,Alex640,,Taylor640,740 Legacy Avenue,Victoria,BC,V8V0Q0,2025-05-15,55.00
M0641,Alex641,,Taylor641,741 Legacy Avenue,Esquimalt,BC,V8V1R3,2025-06-15,65.00
M0642,Alex642,,Taylor642,742 Legacy Avenue,Saanich,BC,V8V2S6,2025-07-15,75.00
M0643,Alex643,,Taylor643,743 Legacy Avenue,Langford,BC,V8V3T9,2025-08-15,85.00
M0644,Alex644,,Taylor644,744 Legacy Avenue,Victoria,BC,V8V4U2,2025-09-15,25.00
M0645,Alex645,,Taylor645,745 Legacy Avenue,Esquimalt,BC,V8V5V5,2025-10-15,35.00
M0646,Alex646,,Taylor646,746 Legacy Avenue,Saanich,BC,V8V6W8,2025-11-15,45.00
M0647,Alex647,,Taylor647,747 Legacy Avenue,Langford,BC,V8V7X1,2025-12-15,55.00
M0648,Alex648,,Taylor648,748 Legacy Avenue,Victoria,BC,V8V8Y4,2025-01-15,65.00
M0649,Alex649,,Taylor649,749 Legacy Avenue,Esquimalt,BC,V8V9Z7,2025-02-15,75.00
M0650,Alex650,,Taylor650,750 Legacy Avenue,Saanich,BC,V8V0A0,2025-03-15,85.00
M0651,Alex651,,Taylor651,751 Legacy Avenue,Langford,BC,V8V1B3,2025-04-15,25.00
M0652,Alex652,,Taylor652,752 Legacy Avenue,Victoria,BC,V8V2C6,2025-05-15,35.00
M0653,Alex653,,Taylor653,753 Legacy Avenue,Esquimalt,BC,V8V3D9,2025-06-15,45.00
M0654,Alex654,,Taylor654,754 Legacy Avenue,Saanich,BC,V8V4E2,2025-07-15,55.00
M0655,Alex655,,Taylor655,755 Legacy Avenue,Langford,BC,V8V5F5,2025-08-15,65.00
M0656,Alex656,,Taylor656,756 Legacy Avenue,Victoria,BC,V8V6G8,2025-09-15,75.00
M0657,Alex657,,Taylor657,757 Legacy Avenue,Esquimalt,BC,V8V7H1,2025-10-15,85.00
M0658,Alex658,,Taylor658,758 Legacy Avenue,Saanich,BC,V8V8I4,2025-11-15,25.00
M0659,Alex659,,Taylor659,759 Legacy Avenue,Langford,BC,V8V9J7,2025-12-15,35.00
M0660,Alex660,,Taylor660,760 Legacy Avenue,Victoria,BC,V8V0K0,2025-01-15,45.00
M0661,Alex661,,Taylor661,761 Legacy Avenue,Esquimalt,BC,V8V1L3,2025-02-15,55.00
M0662,Alex662,,Taylor662,762 Legacy Avenue,Saanich,BC,V8V2M6,2025-03-15,65.00
M0663,Alex663,,Taylor663,763 Legacy Avenue,Langford,BC,V8V3N9,2025-04-15,75.00
M0664,Alex664,,Taylor664,764 Legacy Avenue,Victoria,BC,V8V4O2,2025-05-15,85.00
M0665,Alex665,,Taylor665,765 Legacy Avenue,Esquimalt,BC,V8V5P5,2025-06-15,25.00
M0666,Alex666,,Taylor666,766 Legacy Avenue,Saanich,BC,V8V6Q8,2025-07-15,35.00
M0667,Alex667,,Taylor667,767 Legacy Avenue,Langford,BC,V8V7R1,2025-08-15,45.00
M0668,Alex668,,Taylor668,768 Legacy Avenue,Victoria,BC,V8V8S4,2025-09-15,55.00
M0669,Alex669,,Taylor669,769 Legacy Avenue,Esquimalt,BC,V8V9T7,2025-10-15,65.00
M0670,Alex670,,Taylor670,770 Legacy Avenue,Saanich,BC,V8V0U0,2025-11-15,75.00
M0671,Alex671,,Taylor671,771 Legacy Avenue,Langford,BC,V8V1V3,2025-12-15,85.00
M0672,Alex672,,Taylor672,772 Legacy Avenue,Victoria,BC,V8V2W6,2025-01-15,25.00
M0673,Alex673,,Taylor673,773 Legacy Avenue,Esquimalt,BC,V8V3X9,2025-02-15,35.00
M0674,Alex674,,Taylor674,774 Legacy Avenue,Saanich,BC,V8V4Y2,2025-03-15,45.00
M0675,Alex675,,Taylor675,775 Legacy Avenue,Langford,BC,V8V5Z5,2025-04-15,55.00
M0676,Alex676,,Taylor676,776 Legacy Avenue,Victoria,BC,V8V6A8,2025-05-15,65.00
M0677,Alex677,,Taylor677,777 Legacy Avenue,Esquimalt,BC,V8V7B1,2025-06-15,75.00
M0678,Alex678,,Taylor678,778 Legacy Avenue,Saanich,BC,V8V8C4,2025-07-15,85.00
M0679,Alex679,,Taylor679,779 Legacy Avenue,Langford,BC,V8V9D7,2025-08-15,25.00
M0680,Alex680,,Taylor680,780 Legacy Avenue,Victoria,BC,V8V0E0,2025-09-15,35.00
M0681,Alex681,,Taylor681,781 Legacy Avenue,Esquimalt,BC,V8V1F3,2025-10-15,45.00
M0682,Alex682,,Taylor682,782 Legacy Avenue,Saanich,BC,V8V2G6,2025-11-15,55.00
M0683,Alex683,,Taylor683,783 Legacy Avenue,Langford,BC,V8V3H9,2025-12-15,65.00
M0684,Alex684,,Taylor684,784 Legacy Avenue,Victoria,BC,V8V4I2,2025-01-15,75.00
M0685,Alex685,,Taylor685,785 Legacy Avenue,Esquimalt,BC,V8V5J5,2025-02-15,85.00
M0686,Alex686,,Taylor686,786 Legacy Avenue,Saanich,BC,V8V6K8,2025-03-15,25.00
M0687,Alex687,,Taylor687,787 Legacy Avenue,Langford,BC,V8V7L1,2025-04-15,35.00
M0688,Alex688,,Taylor688,788 Legacy Avenue,Victoria,BC,V8V8M4,2025-05-15,45.00
M0689,Alex689,,Taylor689,789 Legacy Avenue,Esquimalt,BC,V8V9N7,2025-06-15,55.00
M0690,Alex690,,Taylor690,790 Legacy Avenue,Saanich,BC,V8V0O0,2025-07-15,65.00
M0691,Alex691,,Taylor691,791 Legacy Avenue,Langford,BC,V8V1P3,2025-08-15,75.00
M0692,Alex692,,Taylor692,792 Legacy Avenue,Victoria,BC,V8V2Q6,2025-09-15,85.00
M0693,Alex693,,Taylor693,793 Legacy Avenue,Esquimalt,BC,V8V3R9,2025-10-15,25.00
M0694,Alex694,,Taylor694,794 Legacy Avenue,Saanich,BC,V8V4S2,2025-11-15,35.00
M0695,Alex695,,Taylor695,795 Legacy Avenue,Langford,BC,V8V5T5,2025-12-15,45.00
M0696,Alex696,,Taylor696,796 Legacy Avenue,Victoria,BC,V8V6U8,2025-01-15,55.00
M0697,Alex697,,Taylor697,797 Legacy Avenue,Esquimalt,BC,V8V7V1,2025-02-15,65.00
M0698,Alex698,,Taylor698,798 Legacy Avenue,Saanich,BC,V8V8W4,2025-03-15,75.00
M0699,Alex699,,Taylor699,799 Legacy Avenue,Langford,BC,V8V9X7,2025-04-15,85.00
M0700,Alex700,,Taylor700,800 Legacy Avenue,Victoria,BC,V8V0Y0,2025-05-15,25.00
M0701,Alex701,,Taylor701,801 Legacy Avenue,Esquimalt,BC,V8V1Z3,2025-06-15,35.00
M0702,Alex702,,Taylor702,802 Legacy Avenue,Saanich,BC,V8V2A6,2025-07-15,45.00
M0703,Alex703,,Taylor703,803 Legacy Avenue,Langford,BC,V8V3B9,2025-08-15,55.00
M0704,Alex704,,Taylor704,804 Legacy Avenue,Victoria,BC,V8V4C2,2025-09-15,65.00
M0705,Alex705,,Taylor705,805 Legacy Avenue,Esquimalt,BC,V8V5D5,2025-10-15,75.00
M0706,Alex706,,Taylor706,806 Legacy Avenue,Saanich,BC,V8V6E8,2025-11-15,85.00
M0707,Alex707,,Taylor707,807 Legacy Avenue,Langford,BC,V8V7F1,2025-12-15,25.00
M0708,Alex708,,Taylor708,808 Legacy Avenue,Victoria,BC,V8V8G4,2025-01-15,35.00
M0709,Alex709,,Taylor709,809 Legacy Avenue,Esquimalt,BC,V8V9H7,2025-02-15,45.00
M0710,Alex710,,Taylor710,810 Legacy Avenue,Saanich,BC,V8V0I0,2025-03-15,55.00
M0711,Alex711,,Taylor711,811 Legacy Avenue,Langford,BC,V8V1J3,2025-04-15,65.00
M0712,Alex712,,Taylor712,812 Legacy Avenue,Victoria,BC,V8V2K6,2025-05-15,75.00
M0713,Alex713,,Taylor713,813 Legacy Avenue,Esquimalt,BC,V8V3L9,2025-06-15,85.00
M0714,Alex714,,Taylor714,814 Legacy Avenue,Saanich,BC,V8V4M2,2025-07-15,25.00
M0715,Alex715,,Taylor715,815 Legacy Avenue,Langford,BC,V8V5N5,2025-08-15,35.00
M0716,Alex716,,Taylor716,816 Legacy Avenue,Victoria,BC,V8V6O8,2025-09-15,45.00
M0717,Alex717,,Taylor717,817 Legacy Avenue,Esquimalt,BC,V8V7P1,2025-10-15,55.00
M0718,Alex718,,Taylor718,818 Legacy Avenue,Saanich,BC,V8V8Q4,2025-11-15,65.00
M0719,Alex719,,Taylor719,819 Legacy Avenue,Langford,BC,V8V9R7,2025-12-15,75.00
M0720,Alex720,,Taylor720,820 Legacy Avenue,Victoria,BC,V8V0S0,2025-01-15,85.00
M0721,Alex721,,Taylor721,821 Legacy Avenue,Esquimalt,BC,V8V1T3,2025-02-15,25.00
M0722,Alex722,,Taylor722,822 Legacy Avenue,Saanich,BC,V8V2U6,2025-03-15,35.00
M0723,Alex723,,Taylor723,823 Legacy Avenue,Langford,BC,V8V3V9,2025-04-15,45.00
M0724,Alex724,,Taylor724,824 Legacy Avenue,Victoria,BC,V8V4W2,2025-05-15,55.00
M0725,Alex725,,Taylor725,825 Legacy Avenue,Esquimalt,BC,V8V5X5,2025-06-15,65.00
M0726,Alex726,,Taylor726,826 Legacy Avenue,Saanich,BC,V8V6Y8,2025-07-15,75.00
M0727,Alex727,,Taylor727,827 Legacy Avenue,Langford,BC,V8V7Z1,2025-08-15,85.00
M0728,Alex728,,Taylor728,828 Legacy Avenue,Victoria,BC,V8V8A4,2025-09-15,25.00
M0729,Alex729,,Taylor729,829 Legacy Avenue,Esquimalt,BC,V8V9B7,2025-10-15,35.00
M0730,Alex730,,Taylor730,830 Legacy Avenue,Saanich,BC,V8V0C0,2025-11-15,45.00
M0731,Alex731,,Taylor731,831 Legacy Avenue,Langford,BC,V8V1D3,2025-12-15,55.00
M0732,Alex732,,Taylor732,832 Legacy Avenue,Victoria,BC,V8V2E6,2025-01-15,65.00
M0733,Alex733,,Taylor733,833 Legacy Avenue,Esquimalt,BC,V8V3F9,2025-02-15,75.00
M0734,Alex734,,Taylor734,834 Legacy Avenue,Saanich,BC,V8V4G2,2025-03-15,85.00
M0735,Alex735,,Taylor735,835 Legacy Avenue,Langford,BC,V8V5H5,2025-04-15,25.00
M0736,Alex736,,Taylor736,836 Legacy Avenue,Victoria,BC,V8V6I8,2025-05-15,35.00
M0737,Alex737,,Taylor737,837 Legacy Avenue,Esquimalt,BC,V8V7J1,2025-06-15,45.00
M0738,Alex738,,Taylor738,838 Legacy Avenue,Saanich,BC,V8V8K4,2025-07-15,55.00
M0739,Alex739,,Taylor739,839 Legacy Avenue,Langford,BC,V8V9L7,2025-08-15,65.00
M0740,Alex740,,Taylor740,840 Legacy Avenue,Victoria,BC,V8V0M0,2025-09-15,75.00
M0741,Alex741,,Taylor741,841 Legacy Avenue,Esquimalt,BC,V8V1N3,2025-10-15,85.00
M0742,Alex742,,Taylor742,842 Legacy Avenue,Saanich,BC,V8V2O6,2025-11-15,25.00
M0743,Alex743,,Taylor743,843 Legacy Avenue,Langford,BC,V8V3P9,2025-12-15,35.00
M0744,Alex744,,Taylor744,844 Legacy Avenue,Victoria,BC,V8V4Q2,2025-01-15,45.00
M0745,Alex745,,Taylor745,845 Legacy Avenue,Esquimalt,BC,V8V5R5,2025-02-15,55.00
M0746,Alex746,,Taylor746,846 Legacy Avenue,Saanich,BC,V8V6S8,2025-03-15,65.00
M0747,Alex747,,Taylor747,847 Legacy Avenue,Langford,BC,V8V7T1,2025-04-15,75.00
M0748,Alex748,,Taylor748,848 Legacy Avenue,Victoria,BC,V8V8U4,2025-05-15,85.00
M0749,Alex749,,Taylor749,849 Legacy Avenue,Esquimalt,BC,V8V9V7,2025-06-15,25.00
M0750,Alex750,,Taylor750,850 Legacy Avenue,Saanich,BC,V8V0W0,2025-07-15,35.00
M0751,Alex751,,Taylor751,851 Legacy Avenue,Langford,BC,V8V1X3,2025-08-15,45.00
M0752,Alex752,,Taylor752,852 Legacy Avenue,Victoria,BC,V8V2Y6,2025-09-15,55.00
M0753,Alex753,,Taylor753,853 Legacy Avenue,Esquimalt,BC,V8V3Z9,2025-10-15,65.00
M0754,Alex754,,Taylor754,854 Legacy Avenue,Saanich,BC,V8V4A2,2025-11-15,75.00
M0755,Alex755,,Taylor755,855 Legacy Avenue,Langford,BC,V8V5B5,2025-12-15,85.00
M0756,Alex756,,Taylor756,856 Legacy Avenue,Victoria,BC,V8V6C8,2025-01-15,25.00
M0757,Alex757,,Taylor757,857 Legacy Avenue,Esquimalt,BC,V8V7D1,2025-02-15,35.00
M0758,Alex758,,Taylor758,858 Legacy Avenue,Saanich,BC,V8V8E4,2025-03-15,45.00
M0759,Alex759,,Taylor759,859 Legacy Avenue,Langford,BC,V8V9F7,2025-04-15,55.00
M0760,Alex760,,Taylor760,860 Legacy Avenue,Victoria,BC,V8V0G0,2025-05-15,65.00
M0761,Alex761,,Taylor761,861 Legacy Avenue,Esquimalt,BC,V8V1H3,2025-06-15,75.00
M0762,Alex762,,Taylor762,862 Legacy Avenue,Saanich,BC,V8V2I6,2025-07-15,85.00
M0763,Alex763,,Taylor763,863 Legacy Avenue,Langford,BC,V8V3J9,2025-08-15,25.00
M0764,Alex764,,Taylor764,864 Legacy Avenue,Victoria,BC,V8V4K2,2025-09-15,35.00
M0765,Alex765,,Taylor765,865 Legacy Avenue,Esquimalt,BC,V8V5L5,2025-10-15,45.00
M0766,Alex766,,Taylor766,866 Legacy Avenue,Saanich,BC,V8V6M8,2025-11-15,55.00
M0767,Alex767,,Taylor767,867 Legacy Avenue,Langford,BC,V8V7N1,2025-12-15,65.00
M0768,Alex768,,Taylor768,868 Legacy Avenue,Victoria,BC,V8V8O4,2025-01-15,75.00
M0769,Alex769,,Taylor769,869 Legacy Avenue,Esquimalt,BC,V8V9P7,2025-02-15,85.00
M0770,Alex770,,Taylor770,870 Legacy Avenue,Saanich,BC,V8V0Q0,2025-03-15,25.00
M0771,Alex771,,Taylor771,871 Legacy Avenue,Langford,BC,V8V1R3,2025-04-15,35.00
M0772,Alex772,,Taylor772,872 Legacy Avenue,Victoria,BC,V8V2S6,2025-05-15,45.00
M0773,Alex773,,Taylor773,873 Legacy Avenue,Esquimalt,BC,V8V3T9,2025-06-15,55.00
M0774,Alex774,,Taylor774,874 Legacy Avenue,Saanich,BC,V8V4U2,2025-07-15,65.00
M0775,Alex775,,Taylor775,875 Legacy Avenue,Langford,BC,V8V5V5,2025-08-15,75.00
M0776,Alex776,,Taylor776,876 Legacy Avenue,Victoria,BC,V8V6W8,2025-09-15,85.00
M0777,Alex777,,Taylor777,877 Legacy Avenue,Esquimalt,BC,V8V7X1,2025-10-15,25.00
M0778,Alex778,,Taylor778,878 Legacy Avenue,Saanich,BC,V8V8Y4,2025-11-15,35.00
M0779,Alex779,,Taylor779,879 Legacy Avenue,Langford,BC,V8V9Z7,2025-12-15,45.00
M0780,Alex780,,Taylor780,880 Legacy Avenue,Victoria,BC,V8V0A0,2025-01-15,55.00
M0781,Alex781,,Taylor781,881 Legacy Avenue,Esquimalt,BC,V8V1B3,2025-02-15,65.00
M0782,Alex782,,Taylor782,882 Legacy Avenue,Saanich,BC,V8V2C6,2025-03-15,75.00
M0783,Alex783,,Taylor783,883 Legacy Avenue,Langford,BC,V8V3D9,2025-04-15,85.00
M0784,Alex784,,Taylor784,884 Legacy Avenue,Victoria,BC,V8V4E2,2025-05-15,25.00
M0785,Alex785,,Taylor785,885 Legacy Avenue,Esquimalt,BC,V8V5F5,2025-06-15,35.00
M0786,Alex786,,Taylor786,886 Legacy Avenue,Saanich,BC,V8V6G8,2025-07-15,45.00
M0787,Alex787,,Taylor787,887 Legacy Avenue,Langford,BC,V8V7H1,2025-08-15,55.00
M0788,Alex788,,Taylor788,888 Legacy Avenue,Victoria,BC,V8V8I4,2025-09-15,65.00
M0789,Alex789,,Taylor789,889 Legacy Avenue,Esquimalt,BC,V8V9J7,2025-10-15,75.00
M0790,Alex790,,Taylor790,890 Legacy Avenue,Saanich,BC,V8V0K0,2025-11-15,85.00
M0791,Alex791,,Taylor791,891 Legacy Avenue,Langford,BC,V8V1L3,2025-12-15,25.00
M0792,Alex792,,Taylor792,892 Legacy Avenue,Victoria,BC,V8V2M6,2025-01-15,35.00
M0793,Alex793,,Taylor793,893 Legacy Avenue,Esquimalt,BC,V8V3N9,2025-02-15,45.00
M0794,Alex794,,Taylor794,894 Legacy Avenue,Saanich,BC,V8V4O2,2025-03-15,55.00
M0795,Alex795,,Taylor795,895 Legacy Avenue,Langford,BC,V8V5P5,2025-04-15,65.00
M0796,Alex796,,Taylor796,896 Legacy Avenue,Victoria,BC,V8V6Q8,2025-05-15,75.00
M0797,Alex797,,Taylor797,897 Legacy Avenue,Esquimalt,BC,V8V7R1,2025-06-15,85.00
M0798,Alex798,,Taylor798,898 Legacy Avenue,Saanich,BC,V8V8S4,2025-07-15,25.00
M0799,Alex799,,Taylor799,899 Legacy Avenue,Langford,BC,V8V9T7,2025-08-15,35.00
M0800,Alex800,,Taylor800,900 Legacy Avenue,Victoria,BC,V8V0U0,2025-09-15,45.00
M0801,Alex801,,Taylor801,901 Legacy Avenue,Esquimalt,BC,V8V1V3,2025-10-15,0
M0802,Alex802,,Taylor802,902 Legacy Avenue,Saanich,BC,V8V2W6,2025-11-15,0
M0803,Alex803,,Taylor803,903 Legacy Avenue,Langford,BC,V8V3X9,2025-12-15,0
M0804,Alex804,,Taylor804,904 Legacy Avenue,Victoria,BC,V8V4Y2,2025-01-15,0
M0805,Alex805,,Taylor805,905 Legacy Avenue,Esquimalt,BC,V8V5Z5,2025-02-15,0
M0806,Alex806,,Taylor806,906 Legacy Avenue,Saanich,BC,V8V6A8,2025-03-15,0
M0807,Alex807,,Taylor807,907 Legacy Avenue,Langford,BC,V8V7B1,2025-04-15,0
M0808,Alex808,,Taylor808,908 Legacy Avenue,Victoria,BC,V8V8C4,2025-05-15,0
M0809,Alex809,,Taylor809,909 Legacy Avenue,Esquimalt,BC,V8V9D7,2025-06-15,0
M0810,Alex810,,Taylor810,910 Legacy Avenue,Saanich,BC,V8V0E0,2025-07-15,0
M0811,Alex811,,Taylor811,911 Legacy Avenue,Langford,BC,V8V1F3,2025-08-15,0
M0812,Alex812,,Taylor812,912 Legacy Avenue,Victoria,BC,V8V2G6,2025-09-15,0
M0813,Alex813,,Taylor813,913 Legacy Avenue,Esquimalt,BC,V8V3H9,2025-10-15,0
M0814,Alex814,,Taylor814,914 Legacy Avenue,Saanich,BC,V8V4I2,2025-11-15,0
M0815,Alex815,,Taylor815,915 Legacy Avenue,Langford,BC,V8V5J5,2025-12-15,0
M0816,Alex816,,Taylor816,916 Legacy Avenue,Victoria,BC,V8V6K8,2025-01-15,0
M0817,Alex817,,Taylor817,917 Legacy Avenue,Esquimalt,BC,V8V7L1,2025-02-15,0
M0818,Alex818,,Taylor818,918 Legacy Avenue,Saanich,BC,V8V8M4,2025-03-15,0
M0819,Alex819,,Taylor819,919 Legacy Avenue,Langford,BC,V8V9N7,2025-04-15,0
M0820,Alex820,,Taylor820,920 Legacy Avenue,Victoria,BC,V8V0O0,2025-05-15,0
M0821,Alex821,,Taylor821,921 Legacy Avenue,Esquimalt,BC,V8V1P3,2025-06-15,0
M0822,Alex822,,Taylor822,922 Legacy Avenue,Saanich,BC,V8V2Q6,2025-07-15,0
M0823,Alex823,,Taylor823,923 Legacy Avenue,Langford,BC,V8V3R9,2025-08-15,0
M0824,Alex824,,Taylor824,924 Legacy Avenue,Victoria,BC,V8V4S2,2025-09-15,0
M0825,Alex825,,Taylor825,925 Legacy Avenue,Esquimalt,BC,V8V5T5,2025-10-15,0
M0826,Alex826,,Taylor826,926 Legacy Avenue,Saanich,BC,V8V6U8,2025-11-15,0
M0827,Alex827,,Taylor827,927 Legacy Avenue,Langford,BC,V8V7V1,2025-12-15,0
M0828,Alex828,,Taylor828,928 Legacy Avenue,Victoria,BC,V8V8W4,2025-01-15,0
M0829,Alex829,,Taylor829,929 Legacy Avenue,Esquimalt,BC,V8V9X7,2025-02-15,0
M0830,Alex830,,Taylor830,930 Legacy Avenue,Saanich,BC,V8V0Y0,2025-03-15,0
M0831,Alex831,,Taylor831,931 Legacy Avenue,Langford,BC,V8V1Z3,2025-04-15,0
M0832,Alex832,,Taylor832,932 Legacy Avenue,Victoria,BC,V8V2A6,2025-05-15,0
M0833,Alex833,,Taylor833,933 Legacy Avenue,Esquimalt,BC,V8V3B9,2025-06-15,0
M0834,Alex834,,Taylor834,934 Legacy Avenue,Saanich,BC,V8V4C2,2025-07-15,0
M0835,Alex835,,Taylor835,935 Legacy Avenue,Langford,BC,V8V5D5,2025-08-15,0
M0836,Alex836,,Taylor836,936 Legacy Avenue,Victoria,BC,V8V6E8,2025-09-15,0
M0837,Alex837,,Taylor837,937 Legacy Avenue,Esquimalt,BC,V8V7F1,2025-10-15,0
M0838,Alex838,,Taylor838,938 Legacy Avenue,Saanich,BC,V8V8G4,2025-11-15,0
M0839,Alex839,,Taylor839,939 Legacy Avenue,Langford,BC,V8V9H7,2025-12-15,0
M0840,Alex840,,Taylor840,940 Legacy Avenue,Victoria,BC,V8V0I0,2025-01-15,0
M0841,Alex841,,Taylor841,941 Legacy Avenue,Esquimalt,BC,V8V1J3,2025-02-15,0
M0842,Alex842,,Taylor842,942 Legacy Avenue,Saanich,BC,V8V2K6,2025-03-15,0
M0843,Alex843,,Taylor843,943 Legacy Avenue,Langford,BC,V8V3L9,2025-04-15,0
M0844,Alex844,,Taylor844,944 Legacy Avenue,Victoria,BC,V8V4M2,2025-05-15,0
M0845,Alex845,,Taylor845,945 Legacy Avenue,Esquimalt,BC,V8V5N5,2025-06-15,0
M0846,Alex846,,Taylor846,946 Legacy Avenue,Saanich,BC,V8V6O8,2025-07-15,0
M0847,Alex847,,Taylor847,947 Legacy Avenue,Langford,BC,V8V7P1,2025-08-15,0
M0848,Alex848,,Taylor848,948 Legacy Avenue,Victoria,BC,V8V8Q4,2025-09-15,0
M0849,Alex849,,Taylor849,949 Legacy Avenue,Esquimalt,BC,V8V9R7,2025-10-15,0
M0850,Alex850,,Taylor850,950 Legacy Avenue,Saanich,BC,V8V0S0,2025-11-15,0
M0851,Alex851,,Taylor851,951 Legacy Avenue,Langford,BC,V8V1T3,2025-12-15,0
M0852,Alex852,,Taylor852,952 Legacy Avenue,Victoria,BC,V8V2U6,2025-01-15,0
M0853,Alex853,,Taylor853,953 Legacy Avenue,Esquimalt,BC,V8V3V9,2025-02-15,0
M0854,Alex854,,Taylor854,954 Legacy Avenue,Saanich,BC,V8V4W2,2025-03-15,0
M0855,Alex855,,Taylor855,955 Legacy Avenue,Langford,BC,V8V5X5,2025-04-15,0
M0856,Alex856,,Taylor856,956 Legacy Avenue,Victoria,BC,V8V6Y8,2025-05-15,0
M0857,Alex857,,Taylor857,957 Legacy Avenue,Esquimalt,BC,V8V7Z1,2025-06-15,0
M0858,Alex858,,Taylor858,958 Legacy Avenue,Saanich,BC,V8V8A4,2025-07-15,0
M0859,Alex859,,Taylor859,959 Legacy Avenue,Langford,BC,V8V9B7,2025-08-15,0
M0860,Alex860,,Taylor860,960 Legacy Avenue,Victoria,BC,V8V0C0,2025-09-15,0
M0861,Alex861,,Taylor861,961 Legacy Avenue,Esquimalt,BC,V8V1D3,2025-10-15,0
M0862,Alex862,,Taylor862,962 Legacy Avenue,Saanich,BC,V8V2E6,2025-11-15,0
M0863,Alex863,,Taylor863,963 Legacy Avenue,Langford,BC,V8V3F9,2025-12-15,0
M0864,Alex864,,Taylor864,964 Legacy Avenue,Victoria,BC,V8V4G2,2025-01-15,0
M0865,Alex865,,Taylor865,965 Legacy Avenue,Esquimalt,BC,V8V5H5,2025-02-15,0
M0866,Alex866,,Taylor866,966 Legacy Avenue,Saanich,BC,V8V6I8,2025-03-15,0
M0867,Alex867,,Taylor867,967 Legacy Avenue,Langford,BC,V8V7J1,2025-04-15,0
M0868,Alex868,,Taylor868,968 Legacy Avenue,Victoria,BC,V8V8K4,2025-05-15,0
M0869,Alex869,,Taylor869,969 Legacy Avenue,Esquimalt,BC,V8V9L7,2025-06-15,0
M0870,Alex870,,Taylor870,970 Legacy Avenue,Saanich,BC,V8V0M0,2025-07-15,0
M0871,Alex871,,Taylor871,971 Legacy Avenue,Langford,BC,V8V1N3,2025-08-15,0
M0872,Alex872,,Taylor872,972 Legacy Avenue,Victoria,BC,V8V2O6,2025-09-15,0
M0873,Alex873,,Taylor873,973 Legacy Avenue,Esquimalt,BC,V8V3P9,2025-10-15,0
M0874,Alex874,,Taylor874,974 Legacy Avenue,Saanich,BC,V8V4Q2,2025-11-15,0
M0875,Alex875,,Taylor875,975 Legacy Avenue,Langford,BC,V8V5R5,2025-12-15,0
M0876,Alex876,,Taylor876,976 Legacy Avenue,Victoria,BC,V8V6S8,2025-01-15,0
M0877,Alex877,,Taylor877,977 Legacy Avenue,Esquimalt,BC,V8V7T1,2025-02-15,0
M0878,Alex878,,Taylor878,978 Legacy Avenue,Saanich,BC,V8V8U4,2025-03-15,0
M0879,Alex879,,Taylor879,979 Legacy Avenue,Langford,BC,V8V9V7,2025-04-15,0
M0880,Alex880,,Taylor880,980 Legacy Avenue,Victoria,BC,V8V0W0,2025-05-15,0
M0881,Alex881,,Taylor881,981 Legacy Avenue,Esquimalt,BC,V8V1X3,2025-06-15,0
M0882,Alex882,,Taylor882,982 Legacy Avenue,Saanich,BC,V8V2Y6,2025-07-15,0
M0883,Alex883,,Taylor883,983 Legacy Avenue,Langford,BC,V8V3Z9,2025-08-15,0
M0884,Alex884,,Taylor884,984 Legacy Avenue,Victoria,BC,V8V4A2,2025-09-15,0
M0885,Alex885,,Taylor885,985 Legacy Avenue,Esquimalt,BC,V8V5B5,2025-10-15,0
M0886,Alex886,,Taylor886,986 Legacy Avenue,Saanich,BC,V8V6C8,2025-11-15,0
M0887,Alex887,,Taylor887,987 Legacy Avenue,Langford,BC,V8V7D1,2025-12-15,0
M0888,Alex888,,Taylor888,988 Legacy Avenue,Victoria,BC,V8V8E4,2025-01-15,0
M0889,Alex889,,Taylor889,989 Legacy Avenue,Esquimalt,BC,V8V9F7,2025-02-15,0
M0890,Alex890,,Taylor890,990 Legacy Avenue,Saanich,BC,V8V0G0,2025-03-15,0
M0891,Alex891,,Taylor891,991 Legacy Avenue,Langford,BC,V8V1H3,2025-04-15,0
M0892,Alex892,,Taylor892,992 Legacy Avenue,Victoria,BC,V8V2I6,2025-05-15,0
M0893,Alex893,,Taylor893,993 Legacy Avenue,Esquimalt,BC,V8V3J9,2025-06-15,0
M0894,Alex894,,Taylor894,994 Legacy Avenue,Saanich,BC,V8V4K2,2025-07-15,0
M0895,Alex895,,Taylor895,995 Legacy Avenue,Langford,BC,V8V5L5,2025-08-15,0
M0896,Alex896,,Taylor896,996 Legacy Avenue,Victoria,BC,V8V6M8,2025-09-15,0
M0897,Alex897,,Taylor897,997 Legacy Avenue,Esquimalt,BC,V8V7N1,2025-10-15,0
M0898,Alex898,,Taylor898,998 Legacy Avenue,Saanich,BC,V8V8O4,2025-11-15,0
M0899,Alex899,,Taylor899,999 Legacy Avenue,Langford,BC,V8V9P7,2025-12-15,0
M0900,Alex900,,Taylor900,1000 Legacy Avenue,Victoria,BC,V8V0Q0,2025-01-15,0
M0901,Alex901,,Taylor901,1001 Legacy Avenue,Esquimalt,BC,V8V1R3,2025-02-15,0
M0902,Alex902,,Taylor902,1002 Legacy Avenue,Saanich,BC,V8V2S6,2025-03-15,0
M0903,Alex903,,Taylor903,1003 Legacy Avenue,Langford,BC,V8V3T9,2025-04-15,0
M0904,Alex904,,Taylor904,1004 Legacy Avenue,Victoria,BC,V8V4U2,2025-05-15,0
M0905,Alex905,,Taylor905,1005 Legacy Avenue,Esquimalt,BC,V8V5V5,2025-06-15,0
M0906,Alex906,,Taylor906,1006 Legacy Avenue,Saanich,BC,V8V6W8,2025-07-15,0
M0907,Alex907,,Taylor907,1007 Legacy Avenue,Langford,BC,V8V7X1,2025-08-15,0
M0908,Alex908,,Taylor908,1008 Legacy Avenue,Victoria,BC,V8V8Y4,2025-09-15,0
M0909,Alex909,,Taylor909,1009 Legacy Avenue,Esquimalt,BC,V8V9Z7,2025-10-15,0
M0910,Alex910,,Taylor910,1010 Legacy Avenue,Saanich,BC,V8V0A0,2025-11-15,0
M0911,Alex911,,Taylor911,1011 Legacy Avenue,Langford,BC,V8V1B3,2025-12-15,0
M0912,Alex912,,Taylor912,1012 Legacy Avenue,Victoria,BC,V8V2C6,2025-01-15,0
M0913,Alex913,,Taylor913,1013 Legacy Avenue,Esquimalt,BC,V8V3D9,2025-02-15,0
M0914,Alex914,,Taylor914,1014 Legacy Avenue,Saanich,BC,V8V4E2,2025-03-15,0
M0915,Alex915,,Taylor915,1015 Legacy Avenue,Langford,BC,V8V5F5,2025-04-15,0
M0916,Alex916,,Taylor916,1016 Legacy Avenue,Victoria,BC,V8V6G8,2025-05-15,0
M0917,Alex917,,Taylor917,1017 Legacy Avenue,Esquimalt,BC,V8V7H1,2025-06-15,0
M0918,Alex918,,Taylor918,1018 Legacy Avenue,Saanich,BC,V8V8I4,2025-07-15,0
M0919,Alex919,,Taylor919,1019 Legacy Avenue,Langford,BC,V8V9J7,2025-08-15,0
M0920,Alex920,,Taylor920,1020 Legacy Avenue,Victoria,BC,V8V0K0,2025-09-15,0
M0921,Alex921,,Taylor921,1021 Legacy Avenue,Esquimalt,BC,V8V1L3,2025-10-15,0
M0922,Alex922,,Taylor922,1022 Legacy Avenue,Saanich,BC,V8V2M6,2025-11-15,0
M0923,Alex923,,Taylor923,1023 Legacy Avenue,Langford,BC,V8V3N9,2025-12-15,0
M0924,Alex924,,Taylor924,1024 Legacy Avenue,Victoria,BC,V8V4O2,2025-01-15,0
M0925,Alex925,,Taylor925,1025 Legacy Avenue,Esquimalt,BC,V8V5P5,2025-02-15,0
M0926,Alex926,,Taylor926,1026 Legacy Avenue,Saanich,BC,V8V6Q8,2025-03-15,0
M0927,Alex927,,Taylor927,1027 Legacy Avenue,Langford,BC,V8V7R1,2025-04-15,0
M0928,Alex928,,Taylor928,1028 Legacy Avenue,Victoria,BC,V8V8S4,2025-05-15,0
M0929,Alex929,,Taylor929,1029 Legacy Avenue,Esquimalt,BC,V8V9T7,2025-06-15,0
M0930,Alex930,,Taylor930,1030 Legacy Avenue,Saanich,BC,V8V0U0,2025-07-15,0
M0931,Alex931,,Taylor931,1031 Legacy Avenue,Langford,BC,V8V1V3,2025-08-15,0
M0932,Alex932,,Taylor932,1032 Legacy Avenue,Victoria,BC,V8V2W6,2025-09-15,0
M0933,Alex933,,Taylor933,1033 Legacy Avenue,Esquimalt,BC,V8V3X9,2025-10-15,0
M0934,Alex934,,Taylor934,1034 Legacy Avenue,Saanich,BC,V8V4Y2,2025-11-15,0
M0935,Alex935,,Taylor935,1035 Legacy Avenue,Langford,BC,V8V5Z5,2025-12-15,0
M0936,Alex936,,Taylor936,1036 Legacy Avenue,Victoria,BC,V8V6A8,2025-01-15,0
M0937,Alex937,,Taylor937,1037 Legacy Avenue,Esquimalt,BC,V8V7B1,2025-02-15,0
M0938,Alex938,,Taylor938,1038 Legacy Avenue,Saanich,BC,V8V8C4,2025-03-15,0
M0939,Alex939,,Taylor939,1039 Legacy Avenue,Langford,BC,V8V9D7,2025-04-15,0
M0940,Alex940,,Taylor940,1040 Legacy Avenue,Victoria,BC,V8V0E0,2025-05-15,0
M0941,Alex941,,Taylor941,1041 Legacy Avenue,Esquimalt,BC,V8V1F3,2025-06-15,0
M0942,Alex942,,Taylor942,1042 Legacy Avenue,Saanich,BC,V8V2G6,2025-07-15,0
M0943,Alex943,,Taylor943,1043 Legacy Avenue,Langford,BC,V8V3H9,2025-08-15,0
M0944,Alex944,,Taylor944,1044 Legacy Avenue,Victoria,BC,V8V4I2,2025-09-15,0
M0945,Alex945,,Taylor945,1045 Legacy Avenue,Esquimalt,BC,V8V5J5,2025-10-15,0
M0946,Alex946,,Taylor946,1046 Legacy Avenue,Saanich,BC,V8V6K8,2025-11-15,0
M0947,Alex947,,Taylor947,1047 Legacy Avenue,Langford,BC,V8V7L1,2025-12-15,0
M0948,Alex948,,Taylor948,1048 Legacy Avenue,Victoria,BC,V8V8M4,2025-01-15,0
M0949,Alex949,,Taylor949,1049 Legacy Avenue,Esquimalt,BC,V8V9N7,2025-02-15,0
M0950,Alex950,,Taylor950,1050 Legacy Avenue,Saanich,BC,V8V0O0,2025-03-15,0
M0951,Alex951,,Taylor951,1051 Legacy Avenue,Langford,BC,V8V1P3,2025-04-15,0
M0952,Alex952,,Taylor952,1052 Legacy Avenue,Victoria,BC,V8V2Q6,2025-05-15,0
M0953,Alex953,,Taylor953,1053 Legacy Avenue,Esquimalt,BC,V8V3R9,2025-06-15,0
M0954,Alex954,,Taylor954,1054 Legacy Avenue,Saanich,BC,V8V4S2,2025-07-15,0
M0955,Alex955,,Taylor955,1055 Legacy Avenue,Langford,BC,V8V5T5,2025-08-15,0
M0956,Alex956,,Taylor956,1056 Legacy Avenue,Victoria,BC,V8V6U8,2025-09-15,0
M0957,Alex957,,Taylor957,1057 Legacy Avenue,Esquimalt,BC,V8V7V1,2025-10-15,0
M0958,Alex958,,Taylor958,1058 Legacy Avenue,Saanich,BC,V8V8W4,2025-11-15,0
M0959,Alex959,,Taylor959,1059 Legacy Avenue,Langford,BC,V8V9X7,2025-12-15,0
M0960,Alex960,,Taylor960,1060 Legacy Avenue,Victoria,BC,V8V0Y0,2025-01-15,0
M0961,Alex961,,Taylor961,1061 Legacy Avenue,Esquimalt,BC,V8V1Z3,2025-02-15,0
M0962,Alex962,,Taylor962,1062 Legacy Avenue,Saanich,BC,V8V2A6,2025-03-15,0
M0963,Alex963,,Taylor963,1063 Legacy Avenue,Langford,BC,V8V3B9,2025-04-15,0
M0964,Alex964,,Taylor964,1064 Legacy Avenue,Victoria,BC,V8V4C2,2025-05-15,0
M0965,Alex965,,Taylor965,1065 Legacy Avenue,Esquimalt,BC,V8V5D5,2025-06-15,0
M0966,Alex966,,Taylor966,1066 Legacy Avenue,Saanich,BC,V8V6E8,2025-07-15,0
M0967,Alex967,,Taylor967,1067 Legacy Avenue,Langford,BC,V8V7F1,2025-08-15,0
M0968,Alex968,,Taylor968,1068 Legacy Avenue,Victoria,BC,V8V8G4,2025-09-15,0
M0969,Alex969,,Taylor969,1069 Legacy Avenue,Esquimalt,BC,V8V9H7,2025-10-15,0
M0970,Alex970,,Taylor970,1070 Legacy Avenue,Saanich,BC,V8V0I0,2025-11-15,0
M0971,Alex971,,Taylor971,1071 Legacy Avenue,Langford,BC,V8V1J3,2025-12-15,0
M0972,Alex972,,Taylor972,1072 Legacy Avenue,Victoria,BC,V8V2K6,2025-01-15,0
M0973,Alex973,,Taylor973,1073 Legacy Avenue,Esquimalt,BC,V8V3L9,2025-02-15,0
M0974,Alex974,,Taylor974,1074 Legacy Avenue,Saanich,BC,V8V4M2,2025-03-15,0
M0975,Alex975,,Taylor975,1075 Legacy Avenue,Langford,BC,V8V5N5,2025-04-15,0
M0976,Alex976,,Taylor976,1076 Legacy Avenue,Victoria,BC,V8V6O8,2025-05-15,0
M0977,Alex977,,Taylor977,1077 Legacy Avenue,Esquimalt,BC,V8V7P1,2025-06-15,0
M0978,Alex978,,Taylor978,1078 Legacy Avenue,Saanich,BC,V8V8Q4,2025-07-15,0
M0979,Alex979,,Taylor979,1079 Legacy Avenue,Langford,BC,V8V9R7,2025-08-15,0
M0980,Alex980,,Taylor980,1080 Legacy Avenue,Victoria,BC,V8V0S0,2025-09-15,0
M0981,Alex981,,Taylor981,1081 Legacy Avenue,Esquimalt,BC,V8V1T3,2025-10-15,0
M0982,Alex982,,Taylor982,1082 Legacy Avenue,Saanich,BC,V8V2U6,2025-11-15,0
M0983,Alex983,,Taylor983,1083 Legacy Avenue,Langford,BC,V8V3V9,2025-12-15,0
M0984,Alex984,,Taylor984,1084 Legacy Avenue,Victoria,BC,V8V4W2,2025-01-15,0
M0985,Alex985,,Taylor985,1085 Legacy Avenue,Esquimalt,BC,V8V5X5,2025-02-15,0
M0986,Alex986,,Taylor986,1086 Legacy Avenue,Saanich,BC,V8V6Y8,2025-03-15,0
M0987,Alex987,,Taylor987,1087 Legacy Avenue,Langford,BC,V8V7Z1,2025-04-15,0
M0988,Alex988,,Taylor988,1088 Legacy Avenue,Victoria,BC,V8V8A4,2025-05-15,0
M0989,Alex989,,Taylor989,1089 Legacy Avenue,Esquimalt,BC,V8V9B7,2025-06-15,0
M0990,Alex990,,Taylor990,1090 Legacy Avenue,Saanich,BC,V8V0C0,2025-07-15,0
M0991,Alex991,,Taylor991,1091 Legacy Avenue,Langford,BC,V8V1D3,2025-08-15,0
M0992,Alex992,,Taylor992,1092 Legacy Avenue,Victoria,BC,V8V2E6,2025-09-15,0
M0993,Alex993,,Taylor993,1093 Legacy Avenue,Esquimalt,BC,V8V3F9,2025-10-15,0
M0994,Alex994,,Taylor994,1094 Legacy Avenue,Saanich,BC,V8V4G2,2025-11-15,0
M0995,Alex995,,Taylor995,1095 Legacy Avenue,Langford,BC,V8V5H5,2025-12-15,0
M0996,Alex996,,Taylor996,1096 Legacy Avenue,Victoria,BC,V8V6I8,2025-01-15,0
M0997,Alex997,,Taylor997,1097 Legacy Avenue,Esquimalt,BC,V8V7J1,2025-02-15,0
M0998,Alex998,,Taylor998,1098 Legacy Avenue,Saanich,BC,V8V8K4,2025-03-15,0
M0999,Alex999,,Taylor999,1099 Legacy Avenue,Langford,BC,V8V9L7,2025-04-15,0
M1000,Alex1000,,Taylor1000,1100 Legacy Avenue,Victoria,BC,V8V0M0,2025-05-15,0
